Date,gas_price,Inflation,dow_jones_real-price,Year,Exports,Imports,Cereal_Production,cereal_production_lag_1,FEDFUNDS
1990-09-01,1.258,6.32,5687.3,1990,14571289436.675398,17848996666.753998,312410604.0,284238058.0,8.2
1990-10-01,1.335,6.379585,5632.01,1990,14571289436.675398,17848996666.753998,312410604.0,284238058.0,8.11
1990-11-01,1.324,6.359301,5887.2,1990,14571289436.675398,17848996666.753998,312410604.0,284238058.0,7.81
1990-12-01,1.251,5.770751,6057.42,1990,14571289436.675398,17848996666.753998,312410604.0,284238058.0,7.31
1991-01-01,1.153,4.122138,6258.12,1991,17127529871.498068,17417261568.38455,280063390.6,312410604.0,6.91
1991-02-01,1.094,2.725208,6580.02,1991,17127529871.498068,17417261568.38455,280063390.6,312410604.0,6.25
1991-03-01,1.04,3.108415,6643.6,1991,17127529871.498068,17417261568.38455,280063390.6,312410604.0,6.12
1991-04-01,1.076,4.500381,6575.68,1991,17127529871.498068,17417261568.38455,280063390.6,312410604.0,5.91
1991-05-01,1.126,4.583652,6872.43,1991,17127529871.498068,17417261568.38455,280063390.6,312410604.0,5.78
1991-06-01,1.128,4.328018,6577.98,1991,17127529871.498068,17417261568.38455,280063390.6,312410604.0,5.9
1991-07-01,1.096,2.64151,6836.09,1991,17127529871.498068,17417261568.38455,280063390.6,312410604.0,5.82
1991-08-01,1.115,1.657875,6857.23,1991,17127529871.498068,17417261568.38455,280063390.6,312410604.0,5.66
1991-09-01,1.109,1.504891,6766.62,1991,17127529871.498068,17417261568.38455,280063390.6,312410604.0,5.45
1991-10-01,1.088,0.7496252,6874.78,1991,17127529871.498068,17417261568.38455,280063390.6,312410604.0,5.21
1991-11-01,1.099,0.896861,6466.72,1991,17127529871.498068,17417261568.38455,280063390.6,312410604.0,4.81
1991-12-01,1.076,1.270553,7072.83,1991,17127529871.498068,17417261568.38455,280063390.6,312410604.0,4.43
1992-01-01,1.022,0.0,7184.96,1992,20434935312.409916,16952370588.266962,353025147.4,280063390.6,4.03
1992-02-01,1.006,0.6632277,7257.56,1992,20434935312.409916,16952370588.266962,353025147.4,280063390.6,4.06
1992-03-01,1.013,1.102941,7150.46,1992,20434935312.409916,16952370588.266962,353025147.4,280063390.6,3.98
1992-04-01,1.052,0.2919708,7410.17,1992,20434935312.409916,16952370588.266962,353025147.4,280063390.6,3.73
1992-05-01,1.107,-0.5113221,7483.37,1992,20434935312.409916,16952370588.266962,353025147.4,280063390.6,3.82
1992-06-01,1.145,-0.9461427,7284.11,1992,20434935312.409916,16952370588.266962,353025147.4,280063390.6,3.76
1992-07-01,1.137,-0.2205882,7435.82,1992,20434935312.409916,16952370588.266962,353025147.4,280063390.6,3.25
1992-08-01,1.122,1.48258,7114.16,1992,20434935312.409916,16952370588.266962,353025147.4,280063390.6,3.3
1992-09-01,1.122,1.853225,7125.76,1992,20434935312.409916,16952370588.266962,353025147.4,280063390.6,3.22
1992-10-01,1.114,2.083333,7004.3,1992,20434935312.409916,16952370588.266962,353025147.4,280063390.6,3.1
1992-11-01,1.111,1.481481,7165.67,1992,20434935312.409916,16952370588.266962,353025147.4,280063390.6,3.09
1992-12-01,1.078,1.476015,7160.11,1992,20434935312.409916,16952370588.266962,353025147.4,280063390.6,2.92
1993-01-01,1.062,1.979472,7142.98,1993,23386794345.355995,17317564519.695118,259105342.4,353025147.4,3.02
1993-02-01,1.054,1.830161,7250.61,1993,23386794345.355995,17317564519.695118,259105342.4,353025147.4,3.03
1993-03-01,1.052,1.381818,7361.44,1993,23386794345.355995,17317564519.695118,259105342.4,353025147.4,3.07
1993-04-01,1.078,1.892285,7324.67,1993,23386794345.355995,17317564519.695118,259105342.4,353025147.4,2.96
1993-05-01,1.1,3.303965,7527.54,1993,23386794345.355995,17317564519.695118,259105342.4,353025147.4,3.0
1993-06-01,1.097,2.351212,7496.28,1993,23386794345.355995,17317564519.695118,259105342.4,353025147.4,3.04
1993-07-01,1.078,2.505527,7546.15,1993,23386794345.355995,17317564519.695118,259105342.4,353025147.4,3.06
1993-08-01,1.062,2.045289,7762.56,1993,23386794345.355995,17317564519.695118,259105342.4,353025147.4,3.03
1993-09-01,1.05,1.892285,7540.41,1993,23386794345.355995,17317564519.695118,259105342.4,353025147.4,3.09
1993-10-01,1.092,2.623907,7773.41,1993,23386794345.355995,17317564519.695118,259105342.4,353025147.4,2.99
1993-11-01,1.066,3.065693,7776.82,1993,23386794345.355995,17317564519.695118,259105342.4,353025147.4,3.02
1993-12-01,1.014,3.490909,7924.88,1993,23386794345.355995,17317564519.695118,259105342.4,353025147.4,2.96
1994-01-01,0.998,3.378864,8374.45,1994,31559583773.84756,17166784499.85469,355934923.6,259105342.4,3.05
1994-02-01,1.009,2.516176,8039.58,1994,31559583773.84756,17166784499.85469,355934923.6,259105342.4,3.25
1994-03-01,1.008,2.439024,7602.79,1994,31559583773.84756,17166784499.85469,355934923.6,259105342.4,3.34
1994-04-01,1.027,2.142857,7687.37,1994,31559583773.84756,17166784499.85469,355934923.6,259105342.4,3.56
1994-05-01,1.047,1.634684,7843.72,1994,31559583773.84756,17166784499.85469,355934923.6,259105342.4,4.01
1994-06-01,1.078,2.58435,7539.92,1994,31559583773.84756,17166784499.85469,355934923.6,259105342.4,4.25
1994-07-01,1.106,3.522645,7807.57,1994,31559583773.84756,17166784499.85469,355934923.6,259105342.4,4.26
1994-08-01,1.155,3.579098,8085.13,1994,31559583773.84756,17166784499.85469,355934923.6,259105342.4,4.47
1994-09-01,1.144,3.571429,7916.97,1994,31559583773.84756,17166784499.85469,355934923.6,259105342.4,4.73
1994-10-01,1.114,2.840909,8046.82,1994,31559583773.84756,17166784499.85469,355934923.6,259105342.4,4.76
1994-11-01,1.116,2.76204,7687.86,1994,31559583773.84756,17166784499.85469,355934923.6,259105342.4,5.29
1994-12-01,1.091,3.513703,7883.61,1994,31559583773.84756,17166784499.85469,355934923.6,259105342.4,5.45
1995-01-01,1.082,3.059805,7872.23,1995,40453991699.621376,15441802803.804659,277601210.0,355934923.6,5.53
1995-02-01,1.073,3.71669,8182.54,1995,40453991699.621376,15441802803.804659,277601210.0,355934923.6,5.92
1995-03-01,1.072,3.361345,8452.58,1995,40453991699.621376,15441802803.804659,277601210.0,355934923.6,5.98
1995-04-01,1.111,4.335664,8754.89,1995,40453991699.621376,15441802803.804659,277601210.0,355934923.6,6.05
1995-05-01,1.178,3.986014,9028.51,1995,40453991699.621376,15441802803.804659,277601210.0,355934923.6,6.01
1995-06-01,1.192,3.638908,9194.21,1995,40453991699.621376,15441802803.804659,277601210.0,355934923.6,6.0
1995-07-01,1.154,2.916667,9501.69,1995,40453991699.621376,15441802803.804659,277601210.0,355934923.6,5.85
1995-08-01,1.123,2.557014,9281.06,1995,40453991699.621376,15441802803.804659,277601210.0,355934923.6,5.74
1995-09-01,1.111,2.896552,9621.26,1995,40453991699.621376,15441802803.804659,277601210.0,355934923.6,5.8
1995-10-01,1.087,3.383978,9525.23,1995,40453991699.621376,15441802803.804659,277601210.0,355934923.6,5.76
1995-11-01,1.062,3.032392,10169.28,1995,40453991699.621376,15441802803.804659,277601210.0,355934923.6,5.8
1995-12-01,1.071,2.03666,10259.83,1995,40453991699.621376,15441802803.804659,277601210.0,355934923.6,5.6
1996-01-01,1.09,2.496626,10752.83,1996,46834719748.68107,15121809973.546627,335780123.1,277601210.0,5.56
1996-02-01,1.089,2.366464,10899.93,1996,46834719748.68107,15121809973.546627,335780123.1,277601210.0,5.22
1996-03-01,1.137,3.319783,11045.78,1996,46834719748.68107,15121809973.546627,335780123.1,277601210.0,5.31
1996-04-01,1.231,2.747989,10965.52,1996,46834719748.68107,15121809973.546627,335780123.1,277601210.0,5.22
1996-05-01,1.279,2.62273,11088.85,1996,46834719748.68107,15121809973.546627,335780123.1,277601210.0,5.24
1996-06-01,1.256,3.578663,11105.69,1996,46834719748.68107,15121809973.546627,335780123.1,277601210.0,5.27
1996-07-01,1.227,3.981107,10836.66,1996,46834719748.68107,15121809973.546627,335780123.1,277601210.0,5.4
1996-08-01,1.207,4.312668,10990.92,1996,46834719748.68107,15121809973.546627,335780123.1,277601210.0,5.22
1996-09-01,1.202,4.490617,11476.11,1996,46834719748.68107,15121809973.546627,335780123.1,277601210.0,5.3
1996-10-01,1.204,4.742819,11721.11,1996,46834719748.68107,15121809973.546627,335780123.1,277601210.0,5.24
1996-11-01,1.232,5.150502,12658.62,1996,46834719748.68107,15121809973.546627,335780123.1,277601210.0,5.31
1996-12-01,1.235,4.923486,12516.09,1996,46834719748.68107,15121809973.546627,335780123.1,277601210.0,5.29
1997-01-01,1.236,3.949967,13183.33,1997,49618986676.41421,16739896098.78973,336582161.5,335780123.1,5.25
1997-02-01,1.23,4.161162,13267.16,1997,49618986676.41421,16739896098.78973,336582161.5,335780123.1,5.19
1997-03-01,1.205,3.409836,12666.62,1997,49618986676.41421,16739896098.78973,336582161.5,335780123.1,5.39
1997-04-01,1.199,2.739726,13464.29,1997,49618986676.41421,16739896098.78973,336582161.5,335780123.1,5.51
1997-05-01,1.2,3.211009,14090.18,1997,49618986676.41421,16739896098.78973,336582161.5,335780123.1,5.5
1997-06-01,1.198,2.542373,14731.78,1997,49618986676.41421,16739896098.78973,336582161.5,335780123.1,5.56
1997-07-01,1.174,2.336145,15770.95,1997,49618986676.41421,16739896098.78973,336582161.5,335780123.1,5.52
1997-08-01,1.224,2.390181,14589.27,1997,49618986676.41421,16739896098.78973,336582161.5,335780123.1,5.54
1997-09-01,1.231,1.731879,15167.58,1997,49618986676.41421,16739896098.78973,336582161.5,335780123.1,5.54
1997-10-01,1.197,1.403061,14177.2,1997,49618986676.41421,16739896098.78973,336582161.5,335780123.1,5.5
1997-11-01,1.171,1.208651,14910.83,1997,49618986676.41421,16739896098.78973,336582161.5,335780123.1,5.52
1997-12-01,1.131,0.9511731,15089.04,1997,49618986676.41421,16739896098.78973,336582161.5,335780123.1,5.5
1998-01-01,1.086,1.963268,15061.88,1998,49900259952.24973,18896373746.266922,349425744.5,336582161.5,5.56
1998-02-01,1.049,1.458465,16245.41,1998,49900259952.24973,18896373746.266922,349425744.5,336582161.5,5.51
1998-03-01,1.017,1.585289,16702.04,1998,49900259952.24973,18896373746.266922,349425744.5,336582161.5,5.49
1998-04-01,1.03,1.714286,17166.02,1998,49900259952.24973,18896373746.266922,349425744.5,336582161.5,5.45
1998-05-01,1.064,2.031746,16829.81,1998,49900259952.24973,18896373746.266922,349425744.5,336582161.5,5.49
1998-06-01,1.064,2.034329,16901.41,1998,49900259952.24973,18896373746.266922,349425744.5,336582161.5,5.56
1998-07-01,1.055,1.965758,16753.88,1998,49900259952.24973,18896373746.266922,349425744.5,336582161.5,5.54
1998-08-01,1.026,1.829653,14203.61,1998,49900259952.24973,18896373746.266922,349425744.5,336582161.5,5.55
1998-09-01,1.009,1.639344,14751.97,1998,49900259952.24973,18896373746.266922,349425744.5,336582161.5,5.51
1998-10-01,1.019,2.201258,16127.37,1998,49900259952.24973,18896373746.266922,349425744.5,336582161.5,5.07
1998-11-01,0.995,2.137021,17111.76,1998,49900259952.24973,18896373746.266922,349425744.5,336582161.5,4.83
1998-12-01,0.945,2.135678,17242.73,1998,49900259952.24973,18896373746.266922,349425744.5,336582161.5,4.68
1999-01-01,0.939,2.04969,17529.09,1999,51899005069.460625,20839976138.38289,335364364.0,349425744.5,4.63
1999-02-01,0.921,2.375,17412.61,1999,51899005069.460625,20839976138.38289,335364364.0,349425744.5,4.76
1999-03-01,0.982,1.997503,18251.19,1999,51899005069.460625,20839976138.38289,335364364.0,349425744.5,4.81
1999-04-01,1.131,2.059925,19981.3,1999,51899005069.460625,20839976138.38289,335364364.0,349425744.5,4.74
1999-05-01,1.131,1.991288,19556.64,1999,51899005069.460625,20839976138.38289,335364364.0,349425744.5,4.74
1999-06-01,1.114,1.99377,20317.92,1999,51899005069.460625,20839976138.38289,335364364.0,349425744.5,4.76
1999-07-01,1.158,1.803483,19669.41,1999,51899005069.460625,20839976138.38289,335364364.0,349425744.5,4.99
1999-08-01,1.221,1.672862,19947.53,1999,51899005069.460625,20839976138.38289,335364364.0,349425744.5,5.07
1999-09-01,1.256,2.047146,18947.63,1999,51899005069.460625,20839976138.38289,335364364.0,349425744.5,5.22
1999-10-01,1.244,1.6,19635.64,1999,51899005069.460625,20839976138.38289,335364364.0,349425744.5,5.2
1999-11-01,1.251,1.6,19895.51,1999,51899005069.460625,20839976138.38289,335364364.0,349425744.5,5.42
1999-12-01,1.273,1.722017,21028.23,1999,51899005069.460625,20839976138.38289,335364364.0,349425744.5,5.3
2000-01-01,1.289,1.217285,19944.59,2000,53712081373.91904,22634025512.433666,342631506.0,335364364.0,5.45
2000-02-01,1.377,1.526252,18362.63,2000,53712081373.91904,22634025512.433666,342631506.0,335364364.0,5.73
2000-03-01,1.516,1.835985,19637.61,2000,53712081373.91904,22634025512.433666,342631506.0,335364364.0,5.85
2000-04-01,1.465,1.834862,19288.84,2000,53712081373.91904,22634025512.433666,342631506.0,335364364.0,6.02
2000-05-01,1.487,2.196461,18887.58,2000,53712081373.91904,22634025512.433666,342631506.0,335364364.0,6.27
2000-06-01,1.633,2.199145,18649.48,2000,53712081373.91904,22634025512.433666,342631506.0,335364364.0,6.53
2000-07-01,1.551,2.810018,18739.65,2000,53712081373.91904,22634025512.433666,342631506.0,335364364.0,6.54
2000-08-01,1.465,2.925046,19974.09,2000,53712081373.91904,22634025512.433666,342631506.0,335364364.0,6.5
2000-09-01,1.55,2.735562,18873.43,2000,53712081373.91904,22634025512.433666,342631506.0,335364364.0,6.52
2000-10-01,1.532,2.422774,19407.95,2000,53712081373.91904,22634025512.433666,342631506.0,335364364.0,6.51
2000-11-01,1.517,2.241066,18412.82,2000,53712081373.91904,22634025512.433666,342631506.0,335364364.0,6.51
2000-12-01,1.443,2.902056,19083.95,2000,53712081373.91904,22634025512.433666,342631506.0,335364364.0,6.4
2001-01-01,1.447,3.006614,19139.98,2001,57982360557.42775,23405194802.055115,324994633.6,342631506.0,5.98
2001-02-01,1.45,3.307276,18377.24,2001,57982360557.42775,23405194802.055115,324994633.6,342631506.0,5.49
2001-03-01,1.409,3.365385,17258.23,2001,57982360557.42775,23405194802.055115,324994633.6,342631506.0,5.31
2001-04-01,1.552,3.423424,18678.85,2001,57982360557.42775,23405194802.055115,324994633.6,342631506.0,4.8
2001-05-01,1.702,3.164179,18899.48,2001,57982360557.42775,23405194802.055115,324994633.6,342631506.0,4.21
2001-06-01,1.616,3.586372,18158.65,2001,57982360557.42775,23405194802.055115,324994633.6,342631506.0,3.97
2001-07-01,1.421,3.327392,18246.55,2001,57982360557.42775,23405194802.055115,324994633.6,342631506.0,3.77
2001-08-01,1.421,3.137951,17252.87,2001,57982360557.42775,23405194802.055115,324994633.6,342631506.0,3.65
2001-09-01,1.522,3.136095,15270.89,2001,57982360557.42775,23405194802.055115,324994633.6,342631506.0,3.07
2001-10-01,1.315,3.607333,15718.14,2001,57982360557.42775,23405194802.055115,324994633.6,342631506.0,2.49
2001-11-01,1.171,3.495261,17092.46,2001,57982360557.42775,23405194802.055115,324994633.6,342631506.0,2.09
2001-12-01,1.086,2.643948,17457.57,2001,57982360557.42775,23405194802.055115,324994633.6,342631506.0,1.82
2002-01-01,1.107,2.860479,17240.96,2002,54208724758.91969,24556812164.97264,297143451.8,324994633.6,1.73
2002-02-01,1.114,2.444703,17493.71,2002,54208724758.91969,24556812164.97264,297143451.8,324994633.6,1.74
2002-03-01,1.249,2.5,17905.18,2002,54208724758.91969,24556812164.97264,297143451.8,324994633.6,1.73
2002-04-01,1.397,2.439024,17027.93,2002,54208724758.91969,24556812164.97264,297143451.8,324994633.6,1.75
2002-05-01,1.392,1.5625,16992.03,2002,54208724758.91969,24556812164.97264,297143451.8,324994633.6,1.75
2002-06-01,1.382,0.9809579,15815.22,2002,54208724758.91969,24556812164.97264,297143451.8,324994633.6,1.75
2002-07-01,1.397,0.7475561,14930.83,2002,54208724758.91969,24556812164.97264,297143451.8,324994633.6,1.73
2002-08-01,1.396,0.401837,14753.94,2002,54208724758.91969,24556812164.97264,297143451.8,324994633.6,1.74
2002-09-01,1.4,0.5163511,12906.28,2002,54208724758.91969,24556812164.97264,297143451.8,324994633.6,1.75
2002-10-01,1.445,-0.05707762,14258.16,2002,54208724758.91969,24556812164.97264,297143451.8,324994633.6,1.75
2002-11-01,1.419,0.4579279,15105.56,2002,54208724758.91969,24556812164.97264,297143451.8,324994633.6,1.34
2002-12-01,1.386,0.8013738,14189.11,2002,54208724758.91969,24556812164.97264,297143451.8,324994633.6,1.24
2003-01-01,1.458,0.2837684,13643.15,2003,55604287449.47201,24000972677.4979,348247631.3,297143451.8,1.24
2003-02-01,1.613,0.9090909,13264.91,2003,55604287449.47201,24000972677.4979,348247631.3,297143451.8,1.26
2003-03-01,1.693,0.7941009,13354.85,2003,55604287449.47201,24000972677.4979,348247631.3,297143451.8,1.25
2003-04-01,1.589,0.5102041,14204.15,2003,55604287449.47201,24000972677.4979,348247631.3,297143451.8,1.26
2003-05-01,1.497,1.310541,14841.89,2003,55604287449.47201,24000972677.4979,348247631.3,297143451.8,1.26
2003-06-01,1.493,2.228571,15050.61,2003,55604287449.47201,24000972677.4979,348247631.3,297143451.8,1.22
2003-07-01,1.513,2.111872,15457.38,2003,55604287449.47201,24000972677.4979,348247631.3,297143451.8,1.01
2003-08-01,1.62,2.744425,15696.17,2003,55604287449.47201,24000972677.4979,348247631.3,297143451.8,1.03
2003-09-01,1.679,2.796804,15415.15,2003,55604287449.47201,24000972677.4979,348247631.3,297143451.8,1.01
2003-10-01,1.564,3.655054,16309.06,2003,55604287449.47201,24000972677.4979,348247631.3,297143451.8,1.01
2003-11-01,1.512,3.931624,16317.14,2003,55604287449.47201,24000972677.4979,348247631.3,297143451.8,1.0
2003-12-01,1.479,4.542873,17458.05,2003,55604287449.47201,24000972677.4979,348247631.3,297143451.8,0.98
2004-01-01,1.572,4.131296,17431.17,2004,46885105382.597115,27267700344.483025,389023763.4,348247631.3,1.0
2004-02-01,1.648,3.603604,17495.22,2004,46885105382.597115,27267700344.483025,389023763.4,348247631.3,1.01
2004-03-01,1.736,3.714125,17007.34,2004,46885105382.597115,27267700344.483025,389023763.4,348247631.3,1.0
2004-04-01,1.798,3.835307,16739.26,2004,46885105382.597115,27267700344.483025,389023763.4,348247631.3,1.0
2004-05-01,1.983,4.949381,16586.8,2004,46885105382.597115,27267700344.483025,389023763.4,348247631.3,1.0
2004-06-01,1.969,4.415875,16936.78,2004,46885105382.597115,27267700344.483025,389023763.4,348247631.3,1.03
2004-07-01,1.911,4.583566,16477.03,2004,46885105382.597115,27267700344.483025,389023763.4,348247631.3,1.26
2004-08-01,1.878,3.895381,16522.45,2004,46885105382.597115,27267700344.483025,389023763.4,348247631.3,1.43
2004-09-01,1.87,3.331482,16340.12,2004,46885105382.597115,27267700344.483025,389023763.4,348247631.3,1.61
2004-10-01,2.0,3.526171,16164.28,2004,46885105382.597115,27267700344.483025,389023763.4,348247631.3,1.76
2004-11-01,1.979,3.125,16799.54,2004,46885105382.597115,27267700344.483025,389023763.4,348247631.3,1.93
2004-12-01,1.841,2.390005,17436.13,2004,46885105382.597115,27267700344.483025,389023763.4,348247631.3,2.16
2005-01-01,1.831,2.663043,16930.76,2005,53681940846.34078,26383288872.11713,366436345.8,389023763.4,2.28
2005-02-01,1.91,2.173913,17279.8,2005,53681940846.34078,26383288872.11713,366436345.8,389023763.4,2.5
2005-03-01,2.079,2.061856,16721.99,2005,53681940846.34078,26383288872.11713,366436345.8,389023763.4,2.63
2005-04-01,2.243,3.096143,16124.55,2005,53681940846.34078,26383288872.11713,366436345.8,389023763.4,2.79
2005-05-01,2.161,1.982851,16570.02,2005,53681940846.34078,26383288872.11713,366436345.8,389023763.4,3.0
2005-06-01,2.156,1.391863,16255.0,2005,53681940846.34078,26383288872.11713,366436345.8,389023763.4,3.04
2005-07-01,2.29,1.443079,16759.43,2005,53681940846.34078,26383288872.11713,366436345.8,389023763.4,3.26
2005-08-01,2.486,1.499732,16424.67,2005,53681940846.34078,26383288872.11713,366436345.8,389023763.4,3.5
2005-09-01,2.903,2.095648,16360.35,2005,53681940846.34078,26383288872.11713,366436345.8,389023763.4,3.62
2005-10-01,2.717,1.543374,16129.91,2005,53681940846.34078,26383288872.11713,366436345.8,389023763.4,3.78
2005-11-01,2.257,1.541733,16835.55,2005,53681940846.34078,26383288872.11713,366436345.8,389023763.4,4.0
2005-12-01,2.185,1.697613,16762.17,2005,53681940846.34078,26383288872.11713,366436345.8,389023763.4,4.16
2006-01-01,2.316,2.382213,16862.26,2006,57910740044.57408,23646137407.809917,338336800.0,366436345.8,4.29
2006-02-01,2.28,2.446809,17028.79,2006,57910740044.57408,23646137407.809917,338336800.0,366436345.8,4.49
2006-03-01,2.425,2.232855,17108.35,2006,57910740044.57408,23646137407.809917,338336800.0,366436345.8,4.59
2006-04-01,2.742,0.8956797,17357.62,2006,57910740044.57408,23646137407.809917,338336800.0,366436345.8,4.79
2006-05-01,2.907,0.8407777,16975.83,2006,57910740044.57408,23646137407.809917,338336800.0,366436345.8,4.94
2006-06-01,2.885,1.478353,16914.88,2006,57910740044.57408,23646137407.809917,338336800.0,366436345.8,4.99
2006-07-01,2.981,1.475237,16912.75,2006,57910740044.57408,23646137407.809917,338336800.0,366436345.8,5.24
2006-08-01,2.952,1.899736,17185.54,2006,57910740044.57408,23646137407.809917,338336800.0,366436345.8,5.25
2006-09-01,2.555,2.157895,17717.15,2006,57910740044.57408,23646137407.809917,338336800.0,366436345.8,5.25
2006-10-01,2.245,2.253669,18423.11,2006,57910740044.57408,23646137407.809917,338336800.0,366436345.8,5.25
2006-11-01,2.229,1.727749,18662.89,2006,57910740044.57408,23646137407.809917,338336800.0,366436345.8,5.25
2006-12-01,2.313,1.356286,19006.3,2006,57910740044.57408,23646137407.809917,338336800.0,366436345.8,5.24
2007-01-01,2.24,1.691313,19197.59,2007,64447166420.3192,23657279572.850475,415130860.0,338336800.0,5.25
2007-02-01,2.278,2.903946,18550.17,2007,64447166420.3192,23657279572.850475,415130860.0,338336800.0,5.26
2007-03-01,2.563,3.362454,18519.17,2007,64447166420.3192,23657279572.850475,415130860.0,338336800.0,5.26
2007-04-01,2.845,3.926893,19450.67,2007,64447166420.3192,23657279572.850475,415130860.0,338336800.0,5.25
2007-05-01,3.146,4.394998,20168.91,2007,64447166420.3192,23657279572.850475,415130860.0,338336800.0,5.25
2007-06-01,3.056,4.552549,19804.53,2007,64447166420.3192,23657279572.850475,415130860.0,338336800.0,5.25
2007-07-01,2.965,4.569574,19527.32,2007,64447166420.3192,23657279572.850475,415130860.0,338336800.0,5.26
2007-08-01,2.786,4.674262,19769.46,2007,64447166420.3192,23657279572.850475,415130860.0,338336800.0,5.02
2007-09-01,2.803,4.684699,20509.95,2007,64447166420.3192,23657279572.850475,415130860.0,338336800.0,4.94
2007-10-01,2.803,4.732445,20518.9,2007,64447166420.3192,23657279572.850475,415130860.0,338336800.0,4.76
2007-11-01,3.08,5.375708,19576.2,2007,64447166420.3192,23657279572.850475,415130860.0,338336800.0,4.49
2007-12-01,3.018,5.613999,19432.96,2007,64447166420.3192,23657279572.850475,415130860.0,338336800.0,4.24
2008-01-01,3.043,5.751738,18444.22,2008,82134312525.47804,20149292706.997955,402399936.0,415130860.0,3.94
2008-02-01,3.028,5.114207,17835.33,2008,82134312525.47804,20149292706.997955,402399936.0,415130860.0,2.98
2008-03-01,3.244,4.747794,17670.82,2008,82134312525.47804,20149292706.997955,402399936.0,415130860.0,2.61
2008-04-01,3.458,5.944629,18371.25,2008,82134312525.47804,20149292706.997955,402399936.0,415130860.0,2.28
2008-05-01,3.766,5.754889,17959.05,2008,82134312525.47804,20149292706.997955,402399936.0,415130860.0,1.98
2008-06-01,4.054,6.081612,15969.46,2008,82134312525.47804,20149292706.997955,402399936.0,415130860.0,2.0
2008-07-01,4.062,7.141971,15917.85,2008,82134312525.47804,20149292706.997955,402399936.0,415130860.0,2.01
2008-08-01,3.779,7.486914,16219.26,2008,82134312525.47804,20149292706.997955,402399936.0,415130860.0,2.0
2008-09-01,3.703,7.596718,15266.88,2008,82134312525.47804,20149292706.997955,402399936.0,415130860.0,1.81
2008-10-01,3.051,7.500991,13250.84,2008,82134312525.47804,20149292706.997955,402399936.0,415130860.0,0.97
2008-11-01,2.147,7.004323,12793.28,2008,82134312525.47804,20149292706.997955,402399936.0,415130860.0,0.39
2008-12-01,1.687,6.566508,12848.63,2008,82134312525.47804,20149292706.997955,402399936.0,415130860.0,0.16
2009-01-01,1.788,5.654789,11665.25,2009,77239518608.09183,20594499132.540394,418666166.1,402399936.0,0.15
2009-02-01,1.923,4.8289,10248.31,2009,77239518608.09183,20594499132.540394,418666166.1,402399936.0,0.22
2009-03-01,1.959,4.278036,11010.11,2009,77239518608.09183,20594499132.540394,418666166.1,402399936.0,0.18
2009-04-01,2.049,2.339092,11786.6,2009,77239518608.09183,20594499132.540394,418666166.1,402399936.0,0.15
2009-05-01,2.266,1.52221,12231.97,2009,77239518608.09183,20594499132.540394,418666166.1,402399936.0,0.18
2009-06-01,2.631,0.7754338,12053.87,2009,77239518608.09183,20594499132.540394,418666166.1,402399936.0,0.21
2009-07-01,2.527,-0.9129457,13106.23,2009,77239518608.09183,20594499132.540394,418666166.1,402399936.0,0.16
2009-08-01,2.616,-1.628011,13541.7,2009,77239518608.09183,20594499132.540394,418666166.1,402399936.0,0.16
2009-09-01,2.554,-2.470852,13840.0,2009,77239518608.09183,20594499132.540394,418666166.1,402399936.0,0.15
2009-10-01,2.551,-2.756533,13830.93,2009,77239518608.09183,20594499132.540394,418666166.1,402399936.0,0.12
2009-11-01,2.651,-2.86189,14720.71,2009,77239518608.09183,20594499132.540394,418666166.1,402399936.0,0.12
2009-12-01,2.607,-2.434574,14859.97,2009,77239518608.09183,20594499132.540394,418666166.1,402399936.0,0.12
2010-01-01,2.715,-1.975026,14295.61,2010,79783008261.47888,19076931850.68032,401126329.7,418666166.1,0.11
2010-02-01,2.644,-1.497786,14661.87,2010,79783008261.47888,19076931850.68032,401126329.7,418666166.1,0.13
2010-03-01,2.772,-0.6849062,15351.27,2010,79783008261.47888,19076931850.68032,401126329.7,418666166.1,0.16
2010-04-01,2.848,-0.02131771,15544.16,2010,79783008261.47888,19076931850.68032,401126329.7,418666166.1,0.2
2010-05-01,2.836,0.3277728,14302.78,2010,79783008261.47888,19076931850.68032,401126329.7,418666166.1,0.2
2010-06-01,2.732,0.2499721,13800.92,2010,79783008261.47888,19076931850.68032,401126329.7,418666166.1,0.18
2010-07-01,2.729,0.6739471,14777.91,2010,79783008261.47888,19076931850.68032,401126329.7,418666166.1,0.18
2010-08-01,2.73,0.7767099,14120.76,2010,79783008261.47888,19076931850.68032,401126329.7,418666166.1,0.19
2010-09-01,2.705,1.375998,15200.36,2010,79783008261.47888,19076931850.68032,401126329.7,418666166.1,0.19
2010-10-01,2.801,1.448,15643.72,2010,79783008261.47888,19076931850.68032,401126329.7,418666166.1,0.19
2010-11-01,2.859,1.748929,15485.47,2010,79783008261.47888,19076931850.68032,401126329.7,418666166.1,0.19
2010-12-01,2.993,1.685422,16254.82,2010,79783008261.47888,19076931850.68032,401126329.7,418666166.1,0.18
2011-01-01,3.095,2.141093,16624.92,2011,89645593425.40094,17408610468.76136,385545255.8,401126329.7,0.17
2011-02-01,3.211,2.846345,17006.84,2011,89645593425.40094,17408610468.76136,385545255.8,401126329.7,0.16
2011-03-01,3.561,3.620671,16964.27,2011,89645593425.40094,17408610468.76136,385545255.8,401126329.7,0.14
2011-04-01,3.8,3.938128,17537.63,2011,89645593425.40094,17408610468.76136,385545255.8,401126329.7,0.1
2011-05-01,3.906,4.431562,17120.05,2011,89645593425.40094,17408610468.76136,385545255.8,401126329.7,0.09
2011-06-01,3.68,4.748771,16933.16,2011,89645593425.40094,17408610468.76136,385545255.8,401126329.7,0.09
2011-07-01,3.65,5.405192,16539.09,2011,89645593425.40094,17408610468.76136,385545255.8,401126329.7,0.07
2011-08-01,3.639,6.022788,15782.79,2011,89645593425.40094,17408610468.76136,385545255.8,401126329.7,0.1
2011-09-01,3.611,6.281429,14809.46,2011,89645593425.40094,17408610468.76136,385545255.8,401126329.7,0.08
2011-10-01,3.448,6.228945,16246.86,2011,89645593425.40094,17408610468.76136,385545255.8,401126329.7,0.07
2011-11-01,3.384,5.930599,16394.17,2011,89645593425.40094,17408610468.76136,385545255.8,401126329.7,0.08
2011-12-01,3.266,6.004471,16664.75,2011,89645593425.40094,17408610468.76136,385545255.8,401126329.7,0.07
2012-01-01,3.38,5.307796,17155.49,2012,91248722932.23979,18261188309.034523,356210124.0,385545255.8,0.08
2012-02-01,3.579,4.492386,17511.2,2012,91248722932.23979,18261188309.034523,356210124.0,385545255.8,0.1
2012-03-01,3.852,3.559504,17730.56,2012,91248722932.23979,18261188309.034523,356210124.0,385545255.8,0.13
2012-04-01,3.9,3.334924,17679.84,2012,91248722932.23979,18261188309.034523,356210124.0,385545255.8,0.14
2012-05-01,3.732,2.73434,16594.83,2012,91248722932.23979,18261188309.034523,356210124.0,385545255.8,0.16
2012-06-01,3.539,2.627356,17272.2,2012,91248722932.23979,18261188309.034523,356210124.0,385545255.8,0.16
2012-07-01,3.439,1.945868,17470.66,2012,91248722932.23979,18261188309.034523,356210124.0,385545255.8,0.16
2012-08-01,3.722,1.468772,17489.36,2012,91248722932.23979,18261188309.034523,356210124.0,385545255.8,0.13
2012-09-01,3.849,0.8165788,17871.38,2012,91248722932.23979,18261188309.034523,356210124.0,385545255.8,0.14
2012-10-01,3.746,0.9817721,17431.39,2012,91248722932.23979,18261188309.034523,356210124.0,385545255.8,0.16
2012-11-01,3.452,1.270817,17415.2,2012,91248722932.23979,18261188309.034523,356210124.0,385545255.8,0.16
2012-12-01,3.31,1.26923,17572.65,2012,91248722932.23979,18261188309.034523,356210124.0,385545255.8,0.16
2013-01-01,3.319,1.098863,18531.6,2013,90567890228.418,18995116655.036716,434308450.0,356210124.0,0.14
2013-02-01,3.67,1.234103,18636.25,2013,90567890228.418,18995116655.036716,434308450.0,356210124.0,0.15
2013-03-01,3.711,1.034648,19272.83,2013,90567890228.418,18995116655.036716,434308450.0,356210124.0,0.14
2013-04-01,3.57,1.023257,19647.9,2013,90567890228.418,18995116655.036716,434308450.0,356210124.0,0.15
2013-05-01,3.615,0.7705665,19967.67,2013,90567890228.418,18995116655.036716,434308450.0,356210124.0,0.11
2013-06-01,3.626,0.8569639,19650.85,2013,90567890228.418,18995116655.036716,434308450.0,356210124.0,0.09
2013-07-01,3.591,0.9878689,20428.39,2013,90567890228.418,18995116655.036716,434308450.0,356210124.0,0.09
2013-08-01,3.574,0.9887444,19490.37,2013,90567890228.418,18995116655.036716,434308450.0,356210124.0,0.08
2013-09-01,3.532,1.049155,19895.52,2013,90567890228.418,18995116655.036716,434308450.0,356210124.0,0.08
2013-10-01,3.344,0.8440307,20489.3,2013,90567890228.418,18995116655.036716,434308450.0,356210124.0,0.09
2013-11-01,3.243,0.5785747,21250.15,2013,90567890228.418,18995116655.036716,434308450.0,356210124.0,0.08
2013-12-01,3.276,0.3868597,21897.77,2013,90567890228.418,18995116655.036716,434308450.0,356210124.0,0.09
2014-01-01,3.313,0.4847539,20659.69,2014,91016877907.9777,23748512528.215668,442849090.0,434308450.0,0.07
2014-02-01,3.356,0.8953139,21397.76,2014,91016877907.9777,23748512528.215668,442849090.0,434308450.0,0.07
2014-03-01,3.533,1.382841,21444.33,2014,91016877907.9777,23748512528.215668,442849090.0,434308450.0,0.08
2014-04-01,3.661,1.733165,21521.93,2014,91016877907.9777,23748512528.215668,442849090.0,434308450.0,0.09
2014-05-01,3.673,2.681591,21632.02,2014,91016877907.9777,23748512528.215668,442849090.0,434308450.0,0.09
2014-06-01,3.692,2.434752,21723.14,2014,91016877907.9777,23748512528.215668,442849090.0,434308450.0,0.1
2014-07-01,3.611,2.680666,21399.78,2014,91016877907.9777,23748512528.215668,442849090.0,434308450.0,0.09
2014-08-01,3.487,2.900297,22125.39,2014,91016877907.9777,23748512528.215668,442849090.0,434308450.0,0.09
2014-09-01,3.406,3.249688,22036.47,2014,91016877907.9777,23748512528.215668,442849090.0,434308450.0,0.09
2014-10-01,3.171,3.315793,22538.11,2014,91016877907.9777,23748512528.215668,442849090.0,434308450.0,0.09
2014-11-01,2.912,3.416099,23230.2,2014,91016877907.9777,23748512528.215668,442849090.0,434308450.0,0.09
2014-12-01,2.543,3.72,23366.04,2014,91016877907.9777,23748512528.215668,442849090.0,434308450.0,0.12
2015-01-01,2.116,3.320652,22606.24,2015,81658925366.20029,27463158370.35499,431870370.6,442849090.0,0.11
2015-02-01,2.216,2.896183,23771.97,2015,81658925366.20029,27463158370.35499,431870370.6,442849090.0,0.11
2015-03-01,2.464,1.952216,23180.06,2015,81658925366.20029,27463158370.35499,431870370.6,442849090.0,0.11
2015-04-01,2.469,1.346031,23210.52,2015,81658925366.20029,27463158370.35499,431870370.6,442849090.0,0.12
2015-05-01,2.718,0.6255978,23305.82,2015,81658925366.20029,27463158370.35499,431870370.6,442849090.0,0.12
2015-06-01,2.802,0.9843405,22729.17,2015,81658925366.20029,27463158370.35499,431870370.6,442849090.0,0.13
2015-07-01,2.794,0.9084883,22819.92,2015,81658925366.20029,27463158370.35499,431870370.6,442849090.0,0.13
2015-08-01,2.636,0.8399118,21354.21,2015,81658925366.20029,27463158370.35499,431870370.6,442849090.0,0.14
2015-09-01,2.365,0.7624061,21072.4,2015,81658925366.20029,27463158370.35499,431870370.6,442849090.0,0.14
2015-10-01,2.29,0.6747886,22856.62,2015,81658925366.20029,27463158370.35499,431870370.6,442849090.0,0.12
2015-11-01,2.158,0.2690045,22982.74,2015,81658925366.20029,27463158370.35499,431870370.6,442849090.0,0.12
2015-12-01,2.038,-0.4569996,22669.96,2015,81658925366.20029,27463158370.35499,431870370.6,442849090.0,0.24
2016-01-01,1.949,-0.4595447,21389.72,2016,86361140927.99274,18586085663.636364,503466147.2,431870370.6,0.34
2016-02-01,1.764,-0.3493071,21438.42,2016,86361140927.99274,18586085663.636364,503466147.2,431870370.6,0.38
2016-03-01,1.969,-0.525394,22866.82,2016,86361140927.99274,18586085663.636364,503466147.2,431870370.6,0.36
2016-04-01,2.113,-0.2838432,22856.9,2016,86361140927.99274,18586085663.636364,503466147.2,431870370.6,0.37
2016-05-01,2.268,-0.6973609,22785.4,2016,86361140927.99274,18586085663.636364,503466147.2,431870370.6,0.37
2016-06-01,2.366,-1.285464,22896.6,2016,86361140927.99274,18586085663.636364,503466147.2,431870370.6,0.38
2016-07-01,2.239,-1.579405,23574.83,2016,86361140927.99274,18586085663.636364,503466147.2,431870370.6,0.39
2016-08-01,2.178,-1.936409,23516.32,2016,86361140927.99274,18586085663.636364,503466147.2,431870370.6,0.4
2016-09-01,2.219,-2.198857,23342.89,2016,86361140927.99274,18586085663.636364,503466147.2,431870370.6,0.4
2016-10-01,2.249,-2.322437,23095.3,2016,86361140927.99274,18586085663.636364,503466147.2,431870370.6,0.4
2016-11-01,2.182,-2.206095,24382.56,2016,86361140927.99274,18586085663.636364,503466147.2,431870370.6,0.41
2016-12-01,2.254,-2.047537,25197.32,2016,86361140927.99274,18586085663.636364,503466147.2,431870370.6,0.54
2017-01-01,2.349,-1.94035,25167.8,2017,91292959637.00883,18110934494.001892,440271775.0,503466147.2,0.65
2017-02-01,2.304,-1.730448,26285.86,2017,91292959637.00883,18110934494.001892,440271775.0,503466147.2,0.66
2017-03-01,2.325,-0.8754182,26076.98,2017,91292959637.00883,18110934494.001892,440271775.0,503466147.2,0.79
2017-04-01,2.417,-0.764575,26364.1,2017,91292959637.00883,18110934494.001892,440271775.0,503466147.2,0.9
2017-05-01,2.391,-0.1689717,26428.88,2017,91292959637.00883,18110934494.001892,440271775.0,503466147.2,0.91
2017-06-01,2.347,-0.05295104,26836.48,2017,91292959637.00883,18110934494.001892,440271775.0,503466147.2,1.04
2017-07-01,2.3,0.3170241,27517.14,2017,91292959637.00883,18110934494.001892,440271775.0,503466147.2,1.15
2017-08-01,2.38,0.3230526,27522.92,2017,91292959637.00883,18110934494.001892,440271775.0,503466147.2,1.16
2017-09-01,2.645,0.4251141,27939.15,2017,91292959637.00883,18110934494.001892,440271775.0,503466147.2,1.15
2017-10-01,2.505,0.5929416,29174.8,2017,91292959637.00883,18110934494.001892,440271775.0,503466147.2,1.15
2017-11-01,2.564,0.6256414,30291.89,2017,91292959637.00883,18110934494.001892,440271775.0,503466147.2,1.16
2017-12-01,2.477,0.9008029,30874.31,2017,91292959637.00883,18110934494.001892,440271775.0,503466147.2,1.3
2018-01-01,2.555,1.049946,32477.54,2018,95309932888.98875,17487329115.378895,439707894.8,440271775.0,1.41
2018-02-01,2.587,0.5375129,30936.09,2018,95309932888.98875,17487329115.378895,439707894.8,440271775.0,1.42
2018-03-01,2.591,0.3846607,29719.13,2018,95309932888.98875,17487329115.378895,439707894.8,440271775.0,1.51
2018-04-01,2.757,0.5560668,29672.35,2018,95309932888.98875,17487329115.378895,439707894.8,440271775.0,1.69
2018-05-01,2.901,0.1447985,29860.57,2018,95309932888.98875,17487329115.378895,439707894.8,440271775.0,1.7
2018-06-01,2.891,0.3698726,29635.39,2018,95309932888.98875,17487329115.378895,439707894.8,440271775.0,1.82
2018-07-01,2.849,0.3678773,31031.95,2018,95309932888.98875,17487329115.378895,439707894.8,440271775.0,1.91
2018-08-01,2.836,0.4923167,31703.05,2018,95309932888.98875,17487329115.378895,439707894.8,440271775.0,1.91
2018-09-01,2.836,0.4252698,32252.68,2018,95309932888.98875,17487329115.378895,439707894.8,440271775.0,1.95
2018-10-01,2.86,0.1463857,30565.88,2018,95309932888.98875,17487329115.378895,439707894.8,440271775.0,2.19
2018-11-01,2.647,0.4010984,31182.46,2018,95309932888.98875,17487329115.378895,439707894.8,440271775.0,2.2
2018-12-01,2.366,0.5958272,28576.14,2018,95309932888.98875,17487329115.378895,439707894.8,440271775.0,2.27
2019-01-01,2.248,0.6520786,30574.6,2019,97512904948.1416,17064336848.735611,420869946.6,439707894.8,2.4
2019-02-01,2.309,1.213934,31565.69,2019,97512904948.1416,17064336848.735611,420869946.6,439707894.8,2.4
2019-03-01,2.516,1.43304,31399.63,2019,97512904948.1416,17064336848.735611,420869946.6,439707894.8,2.41
2019-04-01,2.798,0.73213,32017.86,2019,97512904948.1416,17064336848.735611,420869946.6,439707894.8,2.42
2019-05-01,2.859,1.203607,29827.68,2019,97512904948.1416,17064336848.735611,420869946.6,439707894.8,2.39
2019-06-01,2.716,0.9403347,31973.15,2019,97512904948.1416,17064336848.735611,420869946.6,439707894.8,2.38
2019-07-01,2.74,0.649224,32237.12,2019,97512904948.1416,17064336848.735611,420869946.6,439707894.8,2.4
2019-08-01,2.621,0.4752954,31683.94,2019,97512904948.1416,17064336848.735611,420869946.6,439707894.8,2.13
2019-09-01,2.592,0.587989,32273.28,2019,97512904948.1416,17064336848.735611,420869946.6,439707894.8,2.04
2019-10-01,2.627,1.024177,32347.29,2019,97512904948.1416,17064336848.735611,420869946.6,439707894.8,1.83
2019-11-01,2.598,0.992391,33577.54,2019,97512904948.1416,17064336848.735611,420869946.6,439707894.8,1.55
2019-12-01,2.555,0.7218634,34189.05,2019,97512904948.1416,17064336848.735611,420869946.6,439707894.8,1.55
2020-01-01,2.548,0.7185466,33709.44,2020,101938276535.23465,17668801042.935547,433256752.7,420869946.6,1.55
2020-02-01,2.442,0.8188964,30237.14,2020,101938276535.23465,17668801042.935547,433256752.7,420869946.6,1.58
2020-03-01,2.234,1.072606,26125.25,2020,101938276535.23465,17668801042.935547,433256752.7,420869946.6,0.65
2020-04-01,1.841,4.071869,29214.86,2020,101938276535.23465,17668801042.935547,433256752.7,420869946.6,0.05
2020-05-01,1.87,4.828605,30459.73,2020,101938276535.23465,17668801042.935547,433256752.7,420869946.6,0.05
2020-06-01,2.082,5.667887,30820.58,2020,101938276535.23465,17668801042.935547,433256752.7,420869946.6,0.08
2020-07-01,2.183,4.643099,31396.84,2020,101938276535.23465,17668801042.935547,433256752.7,420869946.6,0.09
2020-08-01,2.182,4.645166,33661.18,2020,101938276535.23465,17668801042.935547,433256752.7,420869946.6,0.1
2020-09-01,2.183,4.08025,32865.75,2020,101938276535.23465,17668801042.935547,433256752.7,420869946.6,0.09
2020-10-01,2.158,3.968361,31324.89,2020,101938276535.23465,17668801042.935547,433256752.7,420869946.6,0.09
2020-11-01,2.108,3.609459,35062.51,2020,101938276535.23465,17668801042.935547,433256752.7,420869946.6,0.09
2020-12-01,2.195,3.948081,36176.86,2020,101938276535.23465,17668801042.935547,433256752.7,420869946.6,0.09
2021-01-01,2.334,3.696902,35289.54,2021,101389398646.0112,19618261370.9176,452628438.9,433256752.7,0.09
2021-02-01,2.501,3.555487,36190.87,2021,101389398646.0112,19618261370.9176,452628438.9,433256752.7,0.08
2021-03-01,2.81,3.294272,38324.56,2021,101389398646.0112,19618261370.9176,452628438.9,433256752.7,0.07
2021-04-01,2.858,1.22308,39057.7,2021,101389398646.0112,19618261370.9176,452628438.9,433256752.7,0.07
2021-05-01,2.985,0.6777601,39467.16,2021,101389398646.0112,19618261370.9176,452628438.9,433256752.7,0.06
2021-06-01,3.064,0.9356757,39091.34,2021,101389398646.0112,19618261370.9176,452628438.9,433256752.7,0.08
2021-07-01,3.136,2.569324,39372.27,2021,101389398646.0112,19618261370.9176,452628438.9,433256752.7,0.1
2021-08-01,3.158,2.980927,39780.82,2021,101389398646.0112,19618261370.9176,452628438.9,433256752.7,0.09
2021-09-01,3.175,4.516333,37972.88,2021,101389398646.0112,19618261370.9176,452628438.9,433256752.7,0.08
2021-10-01,3.291,5.382061,39867.17,2021,101389398646.0112,19618261370.9176,452628438.9,433256752.7,0.08
2021-11-01,3.395,6.385879,38173.48,2021,101389398646.0112,19618261370.9176,452628438.9,433256752.7,0.08
2021-12-01,3.307,6.500177,40117.48,2021,101389398646.0112,19618261370.9176,452628438.9,433256752.7,0.08
