date,real,nominal
1915-01-01,1723.00,56.540
1915-02-01,1693.46,55.020
1915-03-01,1891.20,60.830
1915-04-01,2209.32,71.780
1915-05-01,1981.11,65.010
1915-06-01,2135.01,70.060
1915-07-01,2301.70,75.530
1915-08-01,2474.49,81.200
1915-09-01,2760.33,90.580
1915-10-01,2876.88,95.340
1915-11-01,2889.89,96.710
1915-12-01,2962.80,99.150
1916-01-01,2680.72,90.580
1916-02-01,2694.03,91.030
1916-03-01,2733.44,93.250
1916-04-01,2603.17,89.650
1916-05-01,2640.63,91.800
1916-06-01,2552.94,89.580
1916-07-01,2543.54,89.250
1916-08-01,2604.96,92.250
1916-09-01,2876.33,103.730
1916-10-01,2849.37,104.610
1916-11-01,2836.18,105.970
1916-12-01,2520.73,95.000
1917-01-01,2510.48,95.430
1917-02-01,2348.42,91.560
1917-03-01,2480.77,96.720
1917-04-01,2277.42,93.230
1917-05-01,2341.60,97.380
1917-06-01,2258.22,95.380
1917-07-01,2206.22,91.750
1917-08-01,1974.58,83.400
1917-09-01,1931.43,83.460
1917-10-01,1698.53,74.500
1917-11-01,1656.35,72.650
1917-12-01,1671.02,74.380
1918-01-01,1754.40,79.800
1918-02-01,1754.83,80.390
1918-03-01,1679.87,76.410
1918-04-01,1680.03,77.510
1918-05-01,1657.40,78.080
1918-06-01,1729.06,82.580
1918-07-01,1655.71,81.230
1918-08-01,1648.05,82.460
1918-09-01,1660.07,84.680
1918-10-01,1644.96,85.510
1918-11-01,1528.20,80.930
1918-12-01,1533.36,82.200
1919-01-01,1503.70,80.610
1919-02-01,1611.31,84.810
1919-03-01,1667.54,88.850
1919-04-01,1711.78,92.880
1919-05-01,1921.37,105.500
1919-06-01,1948.32,106.980
1919-07-01,1895.55,107.160
1919-08-01,1821.50,104.750
1919-09-01,1926.67,111.420
1919-10-01,2022.23,118.920
1919-11-01,1725.59,103.720
1919-12-01,1746.24,107.230
1920-01-01,1661.94,104.210
1920-02-01,1439.19,91.180
1920-03-01,1606.30,102.810
1920-04-01,1418.25,93.540
1920-05-01,1371.73,91.810
1920-06-01,1336.62,90.760
1920-07-01,1285.21,86.850
1920-08-01,1306.36,86.160
1920-09-01,1276.52,82.950
1920-10-01,1315.93,85.080
1920-11-01,1182.04,76.040
1920-12-01,1141.49,71.950
1921-01-01,1233.23,76.130
1921-02-01,1254.27,74.980
1921-03-01,1274.21,75.760
1921-04-01,1336.08,78.570
1921-05-01,1277.05,73.440
1921-06-01,1197.05,68.450
1921-07-01,1188.89,68.370
1921-08-01,1166.98,67.110
1921-09-01,1250.16,71.080
1921-10-01,1287.62,73.210
1921-11-01,1367.36,77.300
1921-12-01,1437.51,80.800
1922-01-01,1480.64,81.300
1922-02-01,1556.40,85.460
1922-03-01,1641.19,89.050
1922-04-01,1694.27,91.930
1922-05-01,1769.83,96.030
1922-06-01,1712.70,92.930
1922-07-01,1778.05,97.050
1922-08-01,1868.66,100.780
1922-09-01,1800.80,97.120
1922-10-01,1771.31,96.110
1922-11-01,1734.08,94.650
1922-12-01,1787.87,98.170
1923-01-01,1785.02,97.430
1923-02-01,1903.55,103.900
1923-03-01,1882.85,102.770
1923-04-01,1791.70,98.380
1923-05-01,1776.22,97.530
1923-06-01,1600.48,88.400
1923-07-01,1555.25,86.910
1923-08-01,1682.19,93.460
1923-09-01,1574.22,87.970
1923-10-01,1575.04,88.530
1923-11-01,1642.82,92.340
1923-12-01,1699.40,95.520
1924-01-01,1790.84,100.660
1924-02-01,1748.16,97.690
1924-03-01,1660.95,92.280
1924-04-01,1640.86,90.630
1924-05-01,1627.64,89.900
1924-06-01,1744.78,96.370
1924-07-01,1838.42,102.140
1924-08-01,1885.45,104.140
1924-09-01,1856.78,103.160
1924-10-01,1862.15,104.060
1924-11-01,1988.13,111.100
1924-12-01,2143.99,120.510
1925-01-01,2197.01,123.490
1925-02-01,2187.48,122.240
1925-03-01,2077.10,116.750
1925-04-01,2147.58,120.010
1925-05-01,2311.94,129.950
1925-06-01,2304.20,131.010
1925-07-01,2326.82,133.810
1925-08-01,2454.98,141.180
1925-09-01,2494.63,143.460
1925-10-01,2706.60,155.650
1925-11-01,2583.32,151.080
1925-12-01,2597.82,151.080
1926-01-01,2705.63,157.350
1926-02-01,2659.72,154.680
1926-03-01,2428.83,140.460
1926-04-01,2471.09,143.710
1926-05-01,2480.19,143.430
1926-06-01,2661.21,153.040
1926-07-01,2817.25,160.180
1926-08-01,2874.64,162.510
1926-09-01,2782.25,158.190
1926-10-01,2636.49,150.760
1926-11-01,2722.25,156.550
1926-12-01,2733.55,157.200
1927-01-01,2750.94,156.410
1927-02-01,2864.91,161.960
1927-03-01,2847.98,160.080
1927-04-01,2929.11,164.640
1927-05-01,3059.49,172.960
1927-06-01,2907.03,166.230
1927-07-01,3227.29,181.400
1927-08-01,3396.29,189.790
1927-09-01,3515.32,197.590
1927-10-01,3214.62,181.730
1927-11-01,3526.35,198.210
1927-12-01,3570.65,200.700
1928-01-01,3533.11,198.590
1928-02-01,3505.85,194.780
1928-03-01,3859.89,214.450
1928-04-01,3809.13,211.630
1928-05-01,3933.50,219.810
1928-06-01,3786.45,210.370
1928-07-01,3887.78,216.000
1928-08-01,4327.14,240.410
1928-09-01,4223.23,237.380
1928-10-01,4512.40,252.160
1928-11-01,5250.04,293.380
1928-12-01,5399.70,300.000
1929-01-01,5714.86,317.510
1929-02-01,5713.06,317.410
1929-03-01,5591.73,308.850
1929-04-01,5814.91,319.290
1929-05-01,5384.61,297.410
1929-06-01,6007.89,333.790
1929-07-01,6185.93,347.700
1929-08-01,6766.45,380.330
1929-09-01,6110.32,343.450
1929-10-01,4866.02,273.510
1929-11-01,4251.16,238.950
1929-12-01,4446.55,248.480
1930-01-01,4808.25,267.140
1930-02-01,4908.45,271.110
1930-03-01,5210.45,286.100
1930-04-01,5055.46,279.230
1930-05-01,5009.57,275.070
1930-06-01,4146.78,226.340
1930-07-01,4338.64,233.990
1930-08-01,4484.79,240.420
1930-09-01,3799.26,204.900
1930-10-01,3420.21,183.350
1930-11-01,3441.86,183.390
1930-12-01,3146.28,164.580
1931-01-01,3243.43,167.550
1931-02-01,3718.09,189.660
1931-03-01,3400.66,172.360
1931-04-01,3002.18,151.190
1931-05-01,2584.23,128.460
1931-06-01,3061.12,150.180
1931-07-01,2759.65,135.390
1931-08-01,2841.59,139.410
1931-09-01,1982.34,96.610
1931-10-01,2177.87,105.430
1931-11-01,1965.45,93.870
1931-12-01,1642.21,77.900
1932-01-01,1639.91,76.190
1932-02-01,1777.75,81.440
1932-03-01,1611.06,73.280
1932-04-01,1242.44,56.110
1932-05-01,1005.13,44.740
1932-06-01,969.55,42.840
1932-07-01,1228.01,54.260
1932-08-01,1667.97,73.160
1932-09-01,1643.66,71.560
1932-10-01,1432.49,61.900
1932-11-01,1313.91,56.350
1932-12-01,1408.06,59.930
1933-01-01,1453.07,60.900
1933-02-01,1245.44,51.390
1933-03-01,1353.31,55.400
1933-04-01,1897.08,77.660
1933-05-01,2152.35,88.110
1933-06-01,2378.42,98.140
1933-07-01,2132.64,90.770
1933-08-01,2387.89,102.410
1933-09-01,2210.92,94.820
1933-10-01,2055.63,88.160
1933-11-01,2288.33,98.140
1933-12-01,2329.37,99.900
1934-01-01,2500.05,107.220
1934-02-01,2394.27,103.460
1934-03-01,2357.01,101.850
1934-04-01,2325.54,100.490
1934-05-01,2175.35,94.000
1934-06-01,2198.59,95.720
1934-07-01,2022.42,88.050
1934-08-01,2132.90,92.860
1934-09-01,2096.40,92.630
1934-10-01,2128.51,93.360
1934-11-01,2346.93,102.940
1934-12-01,2389.69,104.040
1935-01-01,2301.45,101.690
1935-02-01,2300.07,102.380
1935-03-01,2264.80,100.810
1935-04-01,2441.17,109.450
1935-05-01,2467.71,110.640
1935-06-01,2655.71,118.210
1935-07-01,2835.88,126.230
1935-08-01,2873.18,127.890
1935-09-01,2963.71,131.920
1935-10-01,3139.40,139.740
1935-11-01,3174.97,142.350
1935-12-01,3214.68,144.130
1936-01-01,3334.22,149.490
1936-02-01,3393.55,152.150
1936-03-01,3512.33,156.340
1936-04-01,3272.62,145.670
1936-05-01,3429.21,152.640
1936-06-01,3517.12,157.690
1936-07-01,3650.49,164.860
1936-08-01,3655.89,166.290
1936-09-01,3689.52,167.820
1936-10-01,3895.52,177.190
1936-11-01,4028.09,183.220
1936-12-01,3955.10,179.900
1937-01-01,4054.52,185.740
1937-02-01,4088.57,187.300
1937-03-01,4040.44,186.410
1937-04-01,3750.99,174.270
1937-05-01,3734.25,174.710
1937-06-01,3619.05,169.320
1937-07-01,3939.94,185.610
1937-08-01,3765.88,177.410
1937-09-01,3258.49,154.570
1937-10-01,2912.76,138.170
1937-11-01,2621.11,123.480
1937-12-01,2583.05,120.850
1938-01-01,2641.53,121.870
1938-02-01,2829.91,129.640
1938-03-01,2159.98,98.950
1938-04-01,2411.99,111.280
1938-05-01,2351.86,107.740
1938-06-01,2922.47,133.880
1938-07-01,3083.35,141.250
1938-08-01,3040.12,139.270
1938-09-01,3087.71,141.450
1938-10-01,3335.78,151.730
1938-11-01,3293.79,149.820
1938-12-01,3402.40,154.760
1939-01-01,3160.56,143.760
1939-02-01,3261.66,147.300
1939-03-01,2919.33,131.840
1939-04-01,2864.95,128.450
1939-05-01,3081.97,138.180
1939-06-01,2913.57,130.630
1939-07-01,3195.27,143.260
1939-08-01,2997.88,134.410
1939-09-01,3329.80,152.540
1939-10-01,3339.08,151.880
1939-11-01,3202.99,145.690
1939-12-01,3303.03,150.240
1940-01-01,3218.04,145.330
1940-02-01,3221.68,146.540
1940-03-01,3252.68,147.950
1940-04-01,3263.23,148.430
1940-05-01,2555.10,116.220
1940-06-01,2660.30,121.870
1940-07-01,2773.19,126.140
1940-08-01,2845.30,129.420
1940-09-01,2916.09,132.640
1940-10-01,2959.40,134.610
1940-11-01,2880.04,131.000
1940-12-01,2862.44,131.130
1941-01-01,2709.63,124.130
1941-02-01,2662.48,121.970
1941-03-01,2659.96,122.720
1941-04-01,2486.88,115.540
1941-05-01,2474.25,115.760
1941-06-01,2578.31,123.140
1941-07-01,2696.61,128.790
1941-08-01,2637.90,127.700
1941-09-01,2584.97,126.820
1941-10-01,2370.18,117.820
1941-11-01,2283.00,114.230
1941-12-01,2203.33,110.960
1942-01-01,2138.99,109.110
1942-02-01,2080.27,106.790
1942-03-01,1914.66,99.530
1942-04-01,1822.81,95.350
1942-05-01,1904.92,100.880
1942-06-01,1951.37,103.340
1942-07-01,1984.15,105.720
1942-08-01,1983.48,106.330
1942-09-01,2035.34,109.110
1942-10-01,2102.31,114.070
1942-11-01,2097.75,114.500
1942-12-01,2174.51,119.400
1943-01-01,2287.06,125.580
1943-02-01,2369.56,130.110
1943-03-01,2443.92,136.570
1943-04-01,2396.51,135.480
1943-05-01,2498.55,142.060
1943-06-01,2521.77,143.380
1943-07-01,2404.82,135.950
1943-08-01,2430.61,136.620
1943-09-01,2478.58,140.120
1943-10-01,2445.86,138.270
1943-11-01,2291.96,129.570
1943-12-01,2403.76,135.890
1944-01-01,2430.47,137.400
1944-02-01,2411.01,136.300
1944-03-01,2455.94,138.840
1944-04-01,2396.01,136.230
1944-05-01,2501.72,142.240
1944-06-01,2594.87,148.380
1944-07-01,2540.71,146.110
1944-08-01,2556.01,146.990
1944-09-01,2551.49,146.730
1944-10-01,2548.01,146.530
1944-11-01,2561.92,147.330
1944-12-01,2633.92,152.320
1945-01-01,2657.26,153.670
1945-02-01,2773.64,160.400
1945-03-01,2670.06,154.410
1945-04-01,2860.79,165.440
1945-05-01,2893.92,168.300
1945-06-01,2810.76,165.290
1945-07-01,2769.77,162.880
1945-08-01,2963.80,174.290
1945-09-01,3089.98,181.710
1945-10-01,3173.13,186.600
1945-11-01,3255.78,191.460
1945-12-01,3262.30,192.910
1946-01-01,3461.17,204.670
1946-02-01,3232.48,190.090
1946-03-01,3359.60,199.750
1946-04-01,3458.85,206.770
1946-05-01,3531.70,212.280
1946-06-01,3384.30,205.620
1946-07-01,3133.25,201.560
1946-08-01,2882.69,189.190
1946-09-01,2601.47,172.420
1946-10-01,2503.08,169.150
1946-11-01,2453.61,169.800
1946-12-01,2536.80,177.200
1947-01-01,2583.18,180.440
1947-02-01,2561.13,178.900
1947-03-01,2490.37,177.200
1947-04-01,2398.17,170.640
1947-05-01,2378.64,169.250
1947-06-01,2480.43,177.300
1947-07-01,2539.61,183.180
1947-08-01,2446.67,178.850
1947-09-01,2375.17,177.490
1947-10-01,2432.98,181.810
1947-11-01,2390.33,179.400
1947-12-01,2382.80,181.160
1948-01-01,2273.37,175.050
1948-02-01,2191.13,167.300
1948-03-01,2330.71,177.200
1948-04-01,2334.36,180.510
1948-05-01,2456.35,190.740
1948-06-01,2419.59,189.460
1948-07-01,2287.30,181.330
1948-08-01,2282.82,181.710
1948-09-01,2239.98,178.300
1948-10-01,2379.25,188.620
1948-11-01,2177.49,171.200
1948-12-01,2264.30,177.300
1949-01-01,2297.21,179.120
1949-02-01,2238.01,173.060
1949-03-01,2290.26,177.100
1949-04-01,2242.83,174.160
1949-05-01,2177.23,168.360
1949-06-01,2156.03,167.420
1949-07-01,2284.67,175.920
1949-08-01,2310.43,178.660
1949-09-01,2350.36,182.510
1949-10-01,2461.56,189.540
1949-11-01,2477.12,191.550
1949-12-01,2610.10,200.130
1950-01-01,2642.84,201.790
1950-02-01,2664.45,203.440
1950-03-01,2687.30,206.050
1950-04-01,2795.29,214.330
1950-05-01,2901.56,223.420
1950-06-01,2704.21,209.110
1950-07-01,2674.25,209.400
1950-08-01,2746.88,216.870
1950-09-01,2855.31,226.360
1950-10-01,2815.33,225.010
1950-11-01,2836.12,227.600
1950-12-01,2898.37,235.410
1951-01-01,3015.32,248.830
1951-02-01,3018.55,252.050
1951-03-01,2957.92,247.940
1951-04-01,3091.42,259.130
1951-05-01,2966.84,249.650
1951-06-01,2883.53,242.640
1951-07-01,3064.41,257.860
1951-08-01,3211.65,270.250
1951-09-01,3197.79,271.160
1951-10-01,3082.09,262.350
1951-11-01,3046.15,261.270
1951-12-01,3127.11,269.230
1952-01-01,3144.06,270.690
1952-02-01,3043.72,260.080
1952-03-01,3153.49,269.460
1952-04-01,3003.71,257.630
1952-05-01,3065.62,262.940
1952-06-01,3185.53,274.260
1952-07-01,3222.77,279.560
1952-08-01,3170.66,275.040
1952-09-01,3119.59,270.610
1952-10-01,3103.68,269.230
1952-11-01,3270.03,283.660
1952-12-01,3365.02,291.900
1953-01-01,3352.93,289.770
1953-02-01,3301.80,284.270
1953-03-01,3238.38,279.870
1953-04-01,3179.13,274.750
1953-05-01,3138.84,272.280
1953-06-01,3080.97,268.260
1953-07-01,3162.74,275.380
1953-08-01,2988.88,261.220
1953-09-01,3021.15,264.040
1953-10-01,3144.23,275.810
1953-11-01,3219.44,281.370
1953-12-01,3214.06,280.900
1954-01-01,3345.53,292.390
1954-02-01,3370.13,294.540
1954-03-01,3472.76,303.510
1954-04-01,3667.51,319.330
1954-05-01,3747.14,327.490
1954-06-01,3816.25,333.530
1954-07-01,3980.90,347.920
1954-08-01,3842.22,335.800
1954-09-01,4139.88,360.460
1954-10-01,4044.33,352.140
1954-11-01,4442.05,386.770
1954-12-01,4661.81,404.390
1955-01-01,4712.99,408.830
1955-02-01,4748.04,411.870
1955-03-01,4723.02,409.700
1955-04-01,4906.89,425.650
1955-05-01,4897.79,424.860
1955-06-01,5203.51,451.380
1955-07-01,5350.29,465.850
1955-08-01,5377.05,468.180
1955-09-01,5339.07,466.620
1955-10-01,5204.62,454.870
1955-11-01,5529.46,483.260
1955-12-01,5609.27,488.400
1956-01-01,5406.45,470.740
1956-02-01,5554.72,483.650
1956-03-01,5877.91,511.790
1956-04-01,5905.45,516.120
1956-05-01,5449.77,478.050
1956-06-01,5576.30,492.780
1956-07-01,5816.56,517.810
1956-08-01,5660.00,502.040
1956-09-01,5338.48,475.250
1956-10-01,5370.48,479.850
1956-11-01,5291.35,472.780
1956-12-01,5570.09,499.470
1957-01-01,5343.59,479.160
1957-02-01,5162.86,464.620
1957-03-01,5257.10,474.810
1957-04-01,5453.78,494.360
1957-05-01,5550.19,504.930
1957-06-01,5512.54,503.290
1957-07-01,5530.66,508.520
1957-08-01,5267.79,484.350
1957-09-01,4962.72,456.300
1957-10-01,4796.75,441.040
1957-11-01,4875.69,449.870
1957-12-01,4722.01,435.690
1958-01-01,4843.12,450.020
1958-02-01,4734.42,439.920
1958-03-01,4774.52,446.760
1958-04-01,4854.91,455.860
1958-05-01,4927.76,462.700
1958-06-01,5092.62,478.180
1958-07-01,5338.23,502.990
1958-08-01,5416.91,508.630
1958-09-01,5666.76,532.090
1958-10-01,5785.29,543.220
1958-11-01,5916.32,557.460
1958-12-01,6215.87,583.650
1959-01-01,6303.70,593.960
1959-02-01,6427.28,603.500
1959-03-01,6408.21,601.710
1959-04-01,6619.86,623.750
1959-05-01,6832.54,643.790
1959-06-01,6807.36,643.600
1959-07-01,7113.91,674.880
1959-08-01,7003.55,664.410
1959-09-01,6635.80,631.680
1959-10-01,6769.26,646.600
1959-11-01,6900.96,659.180
1959-12-01,7112.22,679.360
1960-01-01,6540.62,622.620
1960-02-01,6596.73,630.120
1960-03-01,6455.08,616.590
1960-04-01,6278.14,601.700
1960-05-01,6526.47,625.500
1960-06-01,6661.17,640.620
1960-07-01,6412.76,616.730
1960-08-01,6509.04,625.990
1960-09-01,6032.30,580.140
1960-10-01,5993.96,580.360
1960-11-01,6168.09,597.220
1960-12-01,6360.91,615.890
1961-01-01,6694.61,648.200
1961-02-01,6837.96,662.080
1961-03-01,6988.23,676.630
1961-04-01,7009.72,678.710
1961-05-01,7195.72,696.720
1961-06-01,7063.94,683.960
1961-07-01,7237.10,705.370
1961-08-01,7411.06,719.940
1961-09-01,7194.41,701.210
1961-10-01,7222.22,703.920
1961-11-01,7403.62,721.600
1961-12-01,7501.50,731.140
1962-01-01,7182.00,700.000
1962-02-01,7240.52,708.050
1962-03-01,7229.27,706.950
1962-04-01,6781.04,665.330
1962-05-01,6251.37,613.360
1962-06-01,5720.57,561.280
1962-07-01,6073.77,597.930
1962-08-01,6188.05,609.180
1962-09-01,5862.17,578.980
1962-10-01,5971.42,589.770
1962-11-01,6574.16,649.300
1962-12-01,6602.51,652.100
1963-01-01,6913.86,682.850
1963-02-01,6712.27,662.940
1963-03-01,6887.31,682.520
1963-04-01,7242.31,717.700
1963-05-01,7335.75,726.960
1963-06-01,7109.80,706.880
1963-07-01,6972.38,695.430
1963-08-01,7312.16,729.320
1963-09-01,7346.95,732.790
1963-10-01,7547.01,755.230
1963-11-01,7499.95,750.520
1963-12-01,7599.74,762.950
1964-01-01,7822.77,785.340
1964-02-01,7970.19,800.140
1964-03-01,8101.18,813.290
1964-04-01,8076.08,810.770
1964-05-01,8173.60,820.560
1964-06-01,8255.96,831.500
1964-07-01,8324.37,841.100
1964-08-01,8325.27,838.480
1964-09-01,8663.54,875.370
1964-10-01,8640.87,873.080
1964-11-01,8636.12,875.430
1964-12-01,8623.29,874.130
1965-01-01,8906.71,902.860
1965-02-01,8912.83,903.480
1965-03-01,8742.92,889.050
1965-04-01,9040.48,922.310
1965-05-01,8998.63,918.040
1965-06-01,8454.61,868.030
1965-07-01,8588.15,881.740
1965-08-01,8698.79,893.100
1965-09-01,9063.85,930.580
1965-10-01,9328.60,960.820
1965-11-01,9191.61,946.710
1965-12-01,9381.47,969.260
1966-01-01,9519.39,983.510
1966-02-01,9155.28,951.890
1966-03-01,8866.69,924.770
1966-04-01,8897.04,933.680
1966-05-01,8424.30,884.070
1966-06-01,8265.95,870.100
1966-07-01,8024.69,847.380
1966-08-01,7421.30,788.410
1966-09-01,7287.73,774.220
1966-10-01,7550.14,807.070
1966-11-01,7405.32,791.590
1966-12-01,7350.13,785.690
1967-01-01,7950.72,849.890
1967-02-01,7852.31,839.370
1967-03-01,8077.00,865.980
1967-04-01,8341.67,897.050
1967-05-01,7904.08,852.560
1967-06-01,7951.38,860.260
1967-07-01,8332.57,904.240
1967-08-01,8281.05,901.290
1967-09-01,8488.21,926.660
1967-10-01,8034.67,879.740
1967-11-01,7975.13,875.810
1967-12-01,8217.49,905.110
1968-01-01,7721.47,855.470
1968-02-01,7564.50,840.500
1968-03-01,7543.33,840.670
1968-04-01,8161.63,912.220
1968-05-01,8019.98,899.000
1968-06-01,7963.49,897.800
1968-07-01,7787.18,883.000
1968-08-01,7879.51,896.010
1968-09-01,8205.94,935.790
1968-10-01,8303.89,952.390
1968-11-01,8565.27,985.080
1968-12-01,8182.31,943.750
1969-01-01,8179.55,946.050
1969-02-01,7782.09,905.210
1969-03-01,7975.90,935.480
1969-04-01,8056.58,950.180
1969-05-01,7928.01,937.560
1969-06-01,7343.53,873.190
1969-07-01,6820.59,815.470
1969-08-01,6960.67,836.720
1969-09-01,6745.39,813.090
1969-10-01,7063.63,855.990
1969-11-01,6667.36,812.300
1969-12-01,6534.14,800.360
1970-01-01,6058.88,744.060
1970-02-01,6298.48,777.590
1970-03-01,6329.34,785.570
1970-04-01,5884.88,736.070
1970-05-01,5585.31,700.440
1970-06-01,5422.44,683.530
1970-07-01,5793.68,734.120
1970-08-01,6034.07,764.580
1970-09-01,5972.86,760.680
1970-10-01,5902.83,755.610
1970-11-01,6171.67,794.090
1970-12-01,6487.37,838.920
1971-01-01,6716.11,868.500
1971-02-01,6779.29,878.830
1971-03-01,6959.13,904.370
1971-04-01,7228.87,941.750
1971-05-01,6932.94,907.810
1971-06-01,6755.73,891.140
1971-07-01,6491.45,858.430
1971-08-01,6775.04,898.070
1971-09-01,6692.96,887.190
1971-10-01,6313.48,839.000
1971-11-01,6255.83,831.340
1971-12-01,6666.71,890.200
1972-01-01,6756.35,902.170
1972-02-01,6917.35,928.130
1972-03-01,6994.10,940.700
1972-04-01,7077.08,954.170
1972-05-01,7108.37,960.720
1972-06-01,6857.17,929.030
1972-07-01,6793.14,924.740
1972-08-01,7062.21,963.730
1972-09-01,6969.36,953.270
1972-10-01,6952.36,955.520
1972-11-01,7391.19,1018.210
1972-12-01,7386.98,1020.020
1973-01-01,7217.92,999.020
1973-02-01,6852.63,955.070
1973-03-01,6759.78,951.010
1973-04-01,6504.37,921.430
1973-05-01,6319.79,901.410
1973-06-01,6209.87,891.710
1973-07-01,6436.63,926.400
1973-08-01,6057.67,887.570
1973-09-01,6448.80,947.100
1973-10-01,6456.92,956.580
1973-11-01,5514.01,822.250
1973-12-01,5668.43,850.860
1974-01-01,5650.91,855.550
1974-02-01,5611.52,860.530
1974-03-01,5451.77,846.680
1974-04-01,5365.24,836.750
1974-05-01,5080.14,802.170
1974-06-01,5039.94,802.410
1974-07-01,4719.55,757.430
1974-08-01,4177.34,678.580
1974-09-01,3697.67,607.870
1974-10-01,4008.43,665.520
1974-11-01,3697.11,618.660
1974-12-01,3654.30,616.240
1975-01-01,4157.40,703.690
1975-02-01,4333.05,739.050
1975-03-01,4486.00,768.150
1975-04-01,4778.56,821.340
1975-05-01,4815.63,832.290
1975-06-01,5047.16,878.990
1975-07-01,4722.15,831.510
1975-08-01,4734.71,835.340
1975-09-01,4475.10,793.880
1975-10-01,4686.84,836.040
1975-11-01,4790.49,860.670
1975-12-01,4727.47,852.410
1976-01-01,5399.15,975.280
1976-02-01,5364.92,972.610
1976-03-01,5502.97,999.450
1976-04-01,5468.72,996.850
1976-05-01,5313.05,975.230
1976-06-01,5434.06,1002.780
1976-07-01,5307.21,984.640
1976-08-01,5221.19,973.740
1976-09-01,5291.58,990.190
1976-10-01,5129.57,964.930
1976-11-01,5026.90,947.220
1976-12-01,5312.59,1004.650
1977-01-01,5020.94,954.370
1977-02-01,4876.88,936.420
1977-03-01,4754.66,919.130
1977-04-01,4755.00,926.900
1977-05-01,4586.76,898.660
1977-06-01,4646.56,916.300
1977-07-01,4491.29,890.070
1977-08-01,4332.43,861.490
1977-09-01,4246.56,847.110
1977-10-01,4089.29,818.350
1977-11-01,4125.27,829.700
1977-12-01,4119.28,831.170
1978-01-01,3791.86,769.920
1978-02-01,3631.19,742.120
1978-03-01,3676.98,757.360
1978-04-01,4033.37,837.320
1978-05-01,4011.39,840.610
1978-06-01,3866.26,818.950
1978-07-01,4039.73,862.270
1978-08-01,4088.61,876.820
1978-09-01,4007.01,865.820
1978-10-01,3634.97,792.450
1978-11-01,3649.17,799.030
1978-12-01,3659.58,805.010
1979-01-01,3781.53,839.220
1979-02-01,3602.48,808.820
1979-03-01,3802.21,862.180
1979-04-01,3727.36,854.900
1979-05-01,3540.13,822.330
1979-06-01,3584.31,841.980
1979-07-01,3564.27,846.420
1979-08-01,3702.30,887.630
1979-09-01,3625.02,878.580
1979-10-01,3338.66,815.700
1979-11-01,3334.63,822.350
1979-12-01,3365.86,838.740
1980-01-01,3464.86,875.850
1980-02-01,3367.11,863.140
1980-03-01,3019.64,785.750
1980-04-01,3104.83,817.060
1980-05-01,3201.75,850.850
1980-06-01,3230.40,867.920
1980-07-01,3481.26,935.320
1980-08-01,3445.92,932.590
1980-09-01,3416.39,932.420
1980-10-01,3355.90,924.490
1980-11-01,3576.02,993.340
1980-12-01,3438.55,963.990
1981-01-01,3351.44,947.270
1981-02-01,3412.98,974.580
1981-03-01,3491.46,1003.870
1981-04-01,3446.23,997.750
1981-05-01,3398.73,991.750
1981-06-01,3318.46,976.880
1981-07-01,3199.86,952.340
1981-08-01,2939.70,881.470
1981-09-01,2806.63,849.980
1981-10-01,2809.15,852.550
1981-11-01,2920.30,888.980
1981-12-01,2864.75,875.000
1982-01-01,2843.27,871.100
1982-02-01,2682.57,824.390
1982-03-01,2679.76,822.770
1982-04-01,2751.23,848.360
1982-05-01,2633.18,819.540
1982-06-01,2576.25,811.930
1982-07-01,2552.75,808.600
1982-08-01,2839.13,901.310
1982-09-01,2817.81,896.250
1982-10-01,3108.05,991.720
1982-11-01,3264.38,1039.280
1982-12-01,3300.79,1046.540
1983-01-01,3385.23,1075.700
1983-02-01,3498.08,1112.620
1983-03-01,3552.81,1130.030
1983-04-01,3828.20,1226.200
1983-05-01,3723.54,1199.980
1983-06-01,3779.52,1221.960
1983-07-01,3694.80,1199.220
1983-08-01,3736.04,1216.160
1983-09-01,3768.45,1233.130
1983-10-01,3733.18,1225.200
1983-11-01,3880.38,1276.020
1983-12-01,3823.75,1258.640
1984-01-01,3687.37,1220.580
1984-02-01,3470.82,1154.630
1984-03-01,3494.67,1164.890
1984-04-01,3494.69,1170.750
1984-05-01,3289.14,1104.850
1984-06-01,3360.96,1132.400
1984-07-01,3297.88,1115.280
1984-08-01,3605.80,1224.380
1984-09-01,3536.87,1206.710
1984-10-01,3529.17,1207.380
1984-11-01,3475.27,1188.940
1984-12-01,3541.42,1211.570
1985-01-01,3753.51,1286.770
1985-02-01,3728.77,1284.010
1985-03-01,3664.79,1266.780
1985-04-01,3621.95,1258.060
1985-05-01,3772.60,1315.410
1985-06-01,3819.42,1335.460
1985-07-01,3846.97,1347.450
1985-08-01,3801.93,1334.010
1985-09-01,3775.97,1328.630
1985-10-01,3892.05,1374.310
1985-11-01,4157.30,1472.130
1985-12-01,4355.42,1546.670
1986-01-01,4411.34,1570.990
1986-02-01,4812.71,1709.060
1986-03-01,5144.85,1818.610
1986-04-01,5055.80,1783.980
1986-05-01,5303.58,1876.710
1986-06-01,5320.44,1892.720
1986-07-01,4990.40,1775.310
1986-08-01,5326.74,1898.340
1986-09-01,4936.85,1767.580
1986-10-01,5238.81,1877.710
1986-11-01,5336.87,1914.230
1986-12-01,5280.22,1895.950
1987-01-01,5973.45,2158.040
1987-02-01,6133.76,2223.990
1987-03-01,6328.68,2304.690
1987-04-01,6244.05,2286.360
1987-05-01,6235.36,2291.570
1987-06-01,6559.05,2418.530
1987-07-01,6957.45,2572.070
1987-08-01,7163.34,2662.950
1987-09-01,6947.65,2596.280
1987-10-01,5320.73,1993.530
1987-11-01,4890.08,1833.550
1987-12-01,5170.86,1938.830
1988-01-01,5208.87,1958.220
1988-02-01,5496.01,2071.620
1988-03-01,5252.45,1988.060
1988-04-01,5340.96,2032.330
1988-05-01,5319.50,2031.120
1988-06-01,5585.58,2141.710
1988-07-01,5528.31,2128.730
1988-08-01,5253.85,2031.650
1988-09-01,5428.07,2112.910
1988-10-01,5502.69,2148.650
1988-11-01,5411.03,2114.510
1988-12-01,5538.53,2168.570
1989-01-01,5954.18,2342.320
1989-02-01,5715.99,2258.390
1989-03-01,5773.04,2293.620
1989-04-01,6047.00,2418.800
1989-05-01,6165.65,2480.150
1989-06-01,6051.35,2440.060
1989-07-01,6582.47,2660.660
1989-08-01,6761.06,2737.270
1989-09-01,6629.72,2692.820
1989-10-01,6483.09,2645.080
1989-11-01,6616.83,2706.270
1989-12-01,6720.56,2753.200
1990-01-01,6258.74,2590.540
1990-02-01,6318.54,2627.250
1990-03-01,6475.65,2707.210
1990-04-01,6344.34,2656.760
1990-05-01,6852.20,2876.660
1990-06-01,6824.35,2880.690
1990-07-01,6856.27,2905.200
1990-08-01,6114.99,2614.360
1990-09-01,5687.30,2452.480
1990-10-01,5632.01,2442.330
1990-11-01,5887.20,2559.650
1990-12-01,6057.42,2633.660
1991-01-01,6258.12,2736.390
1991-02-01,6580.02,2882.180
1991-03-01,6643.60,2913.860
1991-04-01,6575.68,2887.870
1991-05-01,6872.43,3027.500
1991-06-01,6577.98,2906.750
1991-07-01,6836.09,3024.820
1991-08-01,6857.23,3043.600
1991-09-01,6766.62,3016.770
1991-10-01,6874.78,3069.100
1991-11-01,6466.72,2894.680
1991-12-01,7072.83,3168.830
1992-01-01,7184.96,3223.400
1992-02-01,7257.56,3267.700
1992-03-01,7150.46,3235.500
1992-04-01,7410.17,3359.100
1992-05-01,7483.37,3396.900
1992-06-01,7284.11,3318.500
1992-07-01,7435.82,3393.800
1992-08-01,7114.16,3257.400
1992-09-01,7125.76,3271.700
1992-10-01,7004.30,3226.300
1992-11-01,7165.67,3305.200
1992-12-01,7160.11,3301.110
1993-01-01,7142.98,3310.000
1993-02-01,7250.61,3370.810
1993-03-01,7361.44,3435.110
1993-04-01,7324.67,3427.550
1993-05-01,7527.54,3527.430
1993-06-01,7496.28,3516.080
1993-07-01,7546.15,3539.470
1993-08-01,7762.56,3651.250
1993-09-01,7540.41,3555.120
1993-10-01,7773.41,3680.590
1993-11-01,7776.82,3683.950
1993-12-01,7924.88,3754.090
1994-01-01,8374.45,3978.360
1994-02-01,8039.58,3832.020
1994-03-01,7602.79,3635.960
1994-04-01,7687.37,3681.690
1994-05-01,7843.72,3758.370
1994-06-01,7539.92,3624.960
1994-07-01,7807.57,3764.500
1994-08-01,8085.13,3913.420
1994-09-01,7916.97,3843.190
1994-10-01,8046.82,3908.120
1994-11-01,7687.86,3739.230
1994-12-01,7883.61,3834.440
1995-01-01,7872.23,3843.860
1995-02-01,8182.54,4011.050
1995-03-01,8452.58,4157.690
1995-04-01,8754.89,4321.270
1995-05-01,9028.51,4465.140
1995-06-01,9194.21,4556.100
1995-07-01,9501.69,4708.470
1995-08-01,9281.06,4610.560
1995-09-01,9621.26,4789.080
1995-10-01,9525.23,4755.480
1995-11-01,10169.28,5074.490
1995-12-01,10259.83,5117.120
1996-01-01,10752.83,5395.300
1996-02-01,10899.93,5485.620
1996-03-01,11045.78,5587.140
1996-04-01,10965.52,5569.080
1996-05-01,11088.85,5643.180
1996-06-01,11105.69,5654.630
1996-07-01,10836.66,5528.910
1996-08-01,10990.92,5616.210
1996-09-01,11476.11,5882.170
1996-10-01,11721.11,6029.380
1996-11-01,12658.62,6521.700
1996-12-01,12516.09,6448.270
1997-01-01,13183.33,6813.090
1997-02-01,13267.16,6877.740
1997-03-01,12666.62,6583.480
1997-04-01,13464.29,7009.000
1997-05-01,14090.18,7331.000
1997-06-01,14731.78,7672.800
1997-07-01,15770.95,8222.600
1997-08-01,14589.27,7622.400
1997-09-01,15167.58,7945.300
1997-10-01,14177.20,7442.100
1997-11-01,14910.83,7823.100
1997-12-01,15089.04,7908.300
1998-01-01,15061.88,7906.500
1998-02-01,16245.41,8545.720
1998-03-01,16702.04,8799.810
1998-04-01,17166.02,9063.370
1998-05-01,16829.81,8899.950
1998-06-01,16901.41,8952.020
1998-07-01,16753.88,8883.290
1998-08-01,14203.61,7539.070
1998-09-01,14751.97,7842.620
1998-10-01,16127.37,8592.100
1998-11-01,17111.76,9116.550
1998-12-01,17242.73,9181.430
1999-01-01,17529.09,9358.830
1999-02-01,17412.61,9306.580
1999-03-01,18251.19,9786.160
1999-04-01,19981.30,10789.040
1999-05-01,19556.64,10559.740
1999-06-01,20317.92,10970.800
1999-07-01,19669.41,10655.150
1999-08-01,19947.53,10829.280
1999-09-01,18947.63,10336.950
1999-10-01,19635.64,10729.860
1999-11-01,19895.51,10877.810
1999-12-01,21028.23,11497.120
2000-01-01,19944.59,10940.530
2000-02-01,18362.63,10128.310
2000-03-01,19637.61,10921.920
2000-04-01,19288.84,10733.910
2000-05-01,18887.58,10522.330
2000-06-01,18649.48,10447.890
2000-07-01,18739.65,10521.980
2000-08-01,19974.09,11215.100
2000-09-01,18873.43,10650.920
2000-10-01,19407.95,10971.140
2000-11-01,18412.82,10414.490
2000-12-01,19083.95,10787.990
2001-01-01,19139.98,10887.360
2001-02-01,18377.24,10495.280
2001-03-01,17258.23,9878.780
2001-04-01,18678.85,10734.970
2001-05-01,18899.48,10911.940
2001-06-01,18158.65,10502.400
2001-07-01,18246.55,10522.810
2001-08-01,17252.87,9949.750
2001-09-01,15270.89,8847.560
2001-10-01,15718.14,9075.140
2001-11-01,17092.46,9851.560
2001-12-01,17457.57,10021.570
2002-01-01,17240.96,9920.000
2002-02-01,17493.71,10106.130
2002-03-01,17905.18,10403.940
2002-04-01,17027.93,9946.220
2002-05-01,16992.03,9925.250
2002-06-01,15815.22,9243.260
2002-07-01,14930.83,8736.590
2002-08-01,14753.94,8663.500
2002-09-01,12906.28,7591.930
2002-10-01,14258.16,8397.030
2002-11-01,15105.56,8896.090
2002-12-01,14189.11,8341.630
2003-01-01,13643.15,8053.810
2003-02-01,13264.91,7891.080
2003-03-01,13354.85,7992.130
2003-04-01,14204.15,8480.090
2003-05-01,14841.89,8850.260
2003-06-01,15050.61,8985.440
2003-07-01,15457.38,9233.800
2003-08-01,15696.17,9415.820
2003-09-01,15415.15,9275.060
2003-10-01,16309.06,9801.120
2003-11-01,16317.14,9782.460
2003-12-01,17458.05,10453.920
2004-01-01,17431.17,10488.070
2004-02-01,17495.22,10583.920
2004-03-01,17007.34,10357.700
2004-04-01,16739.26,10225.570
2004-05-01,16586.80,10188.450
2004-06-01,16936.78,10435.480
2004-07-01,16477.03,10139.710
2004-08-01,16522.45,10173.920
2004-09-01,16340.12,10080.270
2004-10-01,16164.28,10027.470
2004-11-01,16799.54,10428.020
2004-12-01,17436.13,10783.010
2005-01-01,16930.76,10489.940
2005-02-01,17279.80,10766.230
2005-03-01,16721.99,10503.760
2005-04-01,16124.55,10192.510
2005-05-01,16570.02,10467.480
2005-06-01,16255.00,10274.970
2005-07-01,16759.43,10640.910
2005-08-01,16424.67,10481.600
2005-09-01,16360.35,10568.700
2005-10-01,16129.91,10440.070
2005-11-01,16835.55,10805.870
2005-12-01,16762.17,10717.500
2006-01-01,16862.26,10864.860
2006-02-01,17028.79,10993.410
2006-03-01,17108.35,11109.320
2006-04-01,17357.62,11367.140
2006-05-01,16975.83,11168.310
2006-06-01,16914.88,11150.220
2006-07-01,16912.75,11185.680
2006-08-01,17185.54,11381.150
2006-09-01,17717.15,11679.070
2006-10-01,18423.11,12080.730
2006-11-01,18662.89,12221.930
2006-12-01,19006.30,12463.150
2007-01-01,19197.59,12621.690
2007-02-01,18550.17,12268.630
2007-03-01,18519.17,12354.350
2007-04-01,19450.67,13062.910
2007-05-01,20168.91,13627.640
2007-06-01,19804.53,13408.620
2007-07-01,19527.32,13211.990
2007-08-01,19769.46,13357.740
2007-09-01,20509.95,13895.630
2007-10-01,20518.90,13930.010
2007-11-01,19576.20,13371.720
2007-12-01,19432.96,13264.820
2008-01-01,18444.22,12650.360
2008-02-01,17835.33,12266.390
2008-03-01,17670.82,12262.890
2008-04-01,18371.25,12820.130
2008-05-01,17959.05,12638.320
2008-06-01,15969.46,11350.010
2008-07-01,15917.85,11378.020
2008-08-01,16219.26,11543.960
2008-09-01,15266.88,10850.660
2008-10-01,13250.84,9325.010
2008-11-01,12793.28,8829.040
2008-12-01,12848.63,8776.390
2009-01-01,11665.25,8000.860
2009-02-01,10248.31,7062.930
2009-03-01,11010.11,7608.920
2009-04-01,11786.60,8168.120
2009-05-01,12231.97,8500.330
2009-06-01,12053.87,8447.000
2009-07-01,13106.23,9171.610
2009-08-01,13541.70,9496.280
2009-09-01,13840.00,9712.280
2009-10-01,13830.93,9712.730
2009-11-01,14720.71,10344.840
2009-12-01,14859.97,10428.050
2010-01-01,14295.61,10067.330
2010-02-01,14661.87,10325.260
2010-03-01,15351.27,10856.630
2010-04-01,15544.16,11008.610
2010-05-01,14302.78,10136.630
2010-06-01,13800.92,9774.020
2010-07-01,14777.91,10465.940
2010-08-01,14120.76,10014.720
2010-09-01,15200.36,10788.050
2010-10-01,15643.72,11118.490
2010-11-01,15485.47,11006.020
2010-12-01,16254.82,11577.510
2011-01-01,16624.92,11891.930
2011-02-01,17006.84,12226.340
2011-03-01,16964.27,12319.730
2011-04-01,17537.63,12810.540
2011-05-01,17120.05,12569.790
2011-06-01,16933.16,12414.340
2011-07-01,16539.09,12143.240
2011-08-01,15782.79,11613.530
2011-09-01,14809.46,10913.380
2011-10-01,16246.86,11955.010
2011-11-01,16394.17,12045.680
2011-12-01,16664.75,12217.560
2012-01-01,17155.49,12632.910
2012-02-01,17511.20,12952.070
2012-03-01,17730.56,13212.040
2012-04-01,17679.84,13213.630
2012-05-01,16594.83,12393.450
2012-06-01,17272.20,12880.090
2012-07-01,17470.66,13008.680
2012-08-01,17489.36,13090.840
2012-09-01,17871.38,13437.130
2012-10-01,17431.39,13096.460
2012-11-01,17415.20,13025.580
2012-12-01,17572.65,13104.140
2013-01-01,18531.60,13860.580
2013-02-01,18636.25,14054.490
2013-03-01,19272.83,14578.540
2013-04-01,19647.90,14839.800
2013-05-01,19967.67,15115.570
2013-06-01,19650.85,14909.600
2013-07-01,20428.39,15499.540
2013-08-01,19490.37,14810.310
2013-09-01,19895.52,15129.670
2013-10-01,20489.30,15545.750
2013-11-01,21250.15,16086.410
2013-12-01,21897.77,16576.660
2014-01-01,20659.69,15698.850
2014-02-01,21397.76,16321.710
2014-03-01,21444.33,16457.660
2014-04-01,21521.93,16580.840
2014-05-01,21632.02,16717.170
2014-06-01,21723.14,16826.600
2014-07-01,21399.78,16563.300
2014-08-01,22125.39,17098.450
2014-09-01,22036.47,17042.900
2014-10-01,22538.11,17390.520
2014-11-01,23230.20,17828.240
2014-12-01,23366.04,17823.070
2015-01-01,22606.24,17164.950
2015-02-01,23771.97,18132.700
2015-03-01,23180.06,17776.120
2015-04-01,23210.52,17840.520
2015-05-01,23305.82,18010.680
2015-06-01,22729.17,17619.510
2015-07-01,22819.92,17689.860
2015-08-01,21354.21,16528.030
2015-09-01,21072.40,16284.700
2015-10-01,22856.62,17663.540
2015-11-01,22982.74,17719.920
2015-12-01,22669.96,17425.030
2016-01-01,21389.72,16466.300
2016-02-01,21438.42,16516.500
2016-03-01,22866.82,17685.090
2016-04-01,22856.90,17773.640
2016-05-01,22785.40,17787.200
2016-06-01,22896.60,17929.990
2016-07-01,23574.83,18432.240
2016-08-01,23516.32,18400.880
2016-09-01,23342.89,18308.150
2016-10-01,23095.30,18142.420
2016-11-01,24382.56,19123.580
2016-12-01,25197.32,19762.600
2017-01-01,25167.80,19864.090
2017-02-01,26285.86,20812.240
2017-03-01,26076.98,20663.220
2017-04-01,26364.10,20940.510
2017-05-01,26428.88,21008.650
2017-06-01,26836.48,21349.630
2017-07-01,27517.14,21891.120
2017-08-01,27522.92,21948.100
2017-09-01,27939.15,22405.090
2017-10-01,29174.80,23377.240
2017-11-01,30291.89,24272.350
2017-12-01,30874.31,24719.220
2018-01-01,32477.54,26149.390
2018-02-01,30936.09,25029.200
2018-03-01,29719.13,24103.110
2018-04-01,29672.35,24163.150
2018-05-01,29860.57,24415.840
2018-06-01,29635.39,24271.410
2018-07-01,31031.95,25415.190
2018-08-01,31703.05,25964.820
2018-09-01,32252.68,26458.310
2018-10-01,30565.88,25115.760
2018-11-01,31182.46,25538.460
2018-12-01,28576.14,23327.460
2019-01-01,30574.60,24999.670
2019-02-01,31565.69,25916.000
2019-03-01,31399.63,25928.680
2019-04-01,32017.86,26592.910
2019-05-01,29827.68,24815.040
2019-06-01,31973.15,26599.960
2019-07-01,32237.12,26864.270
2019-08-01,31683.94,26403.280
2019-09-01,32273.28,26916.830
2019-10-01,32347.29,27046.230
2019-11-01,33577.54,28051.410
2019-12-01,34189.05,28538.440
2020-01-01,33709.44,28256.030
2020-02-01,30237.14,25409.360
2020-03-01,26125.25,21917.160
2020-04-01,29214.86,24345.720
2020-05-01,30459.73,25383.110
2020-06-01,30820.58,25812.880
2020-07-01,31396.84,26428.320
2020-08-01,33661.18,28430.050
2020-09-01,32865.75,27781.700
2020-10-01,31324.89,26501.600
2020-11-01,35062.51,29638.640
2020-12-01,36176.86,30606.480
2021-01-01,35289.54,29982.620
2021-02-01,36190.87,30932.370
2021-03-01,38324.56,32981.550
2021-04-01,39057.70,33874.850
2021-05-01,39467.16,34529.450
2021-06-01,39091.34,34502.510
2021-07-01,39372.27,34935.470
2021-08-01,39780.82,35360.730
2021-09-01,37972.88,33843.920
2021-10-01,39867.17,35819.560
2021-11-01,38173.48,34483.720
2021-12-01,40117.48,36338.300
2022-01-01,38469.39,35131.860
2022-02-01,36773.47,33892.600
2022-03-01,37140.51,34678.350
2022-04-01,35120.73,32977.210
2022-05-01,34738.60,32990.120
2022-06-01,31975.67,30775.430
2022-07-01,34126.09,32845.130
2022-08-01,32739.34,31510.430
2022-09-01,29788.35,28725.510
2022-10-01,33813.14,32732.950
2022-11-01,35765.82,34589.770
2022-12-01,34373.70,33147.250
2023-01-01,35074.54,34086.040
2023-02-01,33407.80,32656.700
2023-03-01,33939.63,33274.150
2023-04-01,34609.63,34098.160
2023-05-01,33303.17,32908.270
2023-06-01,34717.27,34407.600
2023-07-01,35808.45,35559.530
2023-08-01,34791.35,34721.910
2023-09-01,33507.50,33507.500
2023-10-01,33052.87,33052.870
2023-11-01,34337.87,34337.870
